S_FREETARGMOBJ	SPR_ACLO	4	1050	A_FreeTargMobj	S_NULL	
S_ITEM_PTN1_1	SPR_PTN1	0	3	NULL	S_ITEM_PTN1_2	
S_ITEM_PTN1_2	SPR_PTN1	1	3	NULL	S_ITEM_PTN1_3	
S_ITEM_PTN1_3	SPR_PTN1	2	3	NULL	S_ITEM_PTN1_1	
S_ITEM_SHLD1	SPR_SHLD	0	-1	NULL	S_NULL	
S_ITEM_SHD2_1	SPR_SHD2	0	-1	NULL	S_NULL	
S_ITEM_BAGH1	SPR_BAGH	0	-1	NULL	S_NULL	
S_ITEM_SPMP1	SPR_SPMP	0	-1	NULL	S_NULL	
S_HIDESPECIAL1	SPR_ACLO	4	1400	NULL	S_HIDESPECIAL2	
S_HIDESPECIAL2	SPR_ACLO	0	4	A_RestoreSpecialThing1	S_HIDESPECIAL3	
S_HIDESPECIAL3	SPR_ACLO	1	4	NULL	S_HIDESPECIAL4	
S_HIDESPECIAL4	SPR_ACLO	0	4	NULL	S_HIDESPECIAL5	
S_HIDESPECIAL5	SPR_ACLO	1	4	NULL	S_HIDESPECIAL6	
S_HIDESPECIAL6	SPR_ACLO	2	4	NULL	S_HIDESPECIAL7	
S_HIDESPECIAL7	SPR_ACLO	1	4	NULL	S_HIDESPECIAL8	
S_HIDESPECIAL8	SPR_ACLO	2	4	NULL	S_HIDESPECIAL9	
S_HIDESPECIAL9	SPR_ACLO	3	4	NULL	S_HIDESPECIAL10	
S_HIDESPECIAL10	SPR_ACLO	2	4	NULL	S_HIDESPECIAL11	
S_HIDESPECIAL11	SPR_ACLO	3	4	A_RestoreSpecialThing2	S_NULL	
S_DORMANTARTI1	SPR_ACLO	3	3	NULL	S_DORMANTARTI2	
S_DORMANTARTI2	SPR_ACLO	2	3	NULL	S_DORMANTARTI3	
S_DORMANTARTI3	SPR_ACLO	3	3	NULL	S_DORMANTARTI4	
S_DORMANTARTI4	SPR_ACLO	2	3	NULL	S_DORMANTARTI5	
S_DORMANTARTI5	SPR_ACLO	1	3	NULL	S_DORMANTARTI6	
S_DORMANTARTI6	SPR_ACLO	2	3	NULL	S_DORMANTARTI7	
S_DORMANTARTI7	SPR_ACLO	1	3	NULL	S_DORMANTARTI8	
S_DORMANTARTI8	SPR_ACLO	0	3	NULL	S_DORMANTARTI9	
S_DORMANTARTI9	SPR_ACLO	1	3	NULL	S_DORMANTARTI10	
S_DORMANTARTI10	SPR_ACLO	0	3	NULL	S_DORMANTARTI11	
S_DORMANTARTI11	SPR_ACLO	0	1400	A_HideThing	S_DORMANTARTI12	
S_DORMANTARTI12	SPR_ACLO	0	3	A_UnHideThing	S_DORMANTARTI13	
S_DORMANTARTI13	SPR_ACLO	1	3	NULL	S_DORMANTARTI14	
S_DORMANTARTI14	SPR_ACLO	0	3	NULL	S_DORMANTARTI15	
S_DORMANTARTI15	SPR_ACLO	1	3	NULL	S_DORMANTARTI16	
S_DORMANTARTI16	SPR_ACLO	2	3	NULL	S_DORMANTARTI17	
S_DORMANTARTI17	SPR_ACLO	1	3	NULL	S_DORMANTARTI18	
S_DORMANTARTI18	SPR_ACLO	2	3	NULL	S_DORMANTARTI19	
S_DORMANTARTI19	SPR_ACLO	3	3	NULL	S_DORMANTARTI20	
S_DORMANTARTI20	SPR_ACLO	2	3	NULL	S_DORMANTARTI21	
S_DORMANTARTI21	SPR_ACLO	3	3	A_RestoreArtifact	S_NULL	
S_DEADARTI1	SPR_ACLO	3	3	NULL	S_DEADARTI2	
S_DEADARTI2	SPR_ACLO	2	3	NULL	S_DEADARTI3	
S_DEADARTI3	SPR_ACLO	3	3	NULL	S_DEADARTI4	
S_DEADARTI4	SPR_ACLO	2	3	NULL	S_DEADARTI5	
S_DEADARTI5	SPR_ACLO	1	3	NULL	S_DEADARTI6	
S_DEADARTI6	SPR_ACLO	2	3	NULL	S_DEADARTI7	
S_DEADARTI7	SPR_ACLO	1	3	NULL	S_DEADARTI8	
S_DEADARTI8	SPR_ACLO	0	3	NULL	S_DEADARTI9	
S_DEADARTI9	SPR_ACLO	1	3	NULL	S_DEADARTI10	
S_DEADARTI10	SPR_ACLO	0	3	NULL	S_NULL	
S_ARTI_INVS1	SPR_INVS	32768	350	NULL	S_ARTI_INVS1	
S_ARTI_PTN2_1	SPR_PTN2	0	4	NULL	S_ARTI_PTN2_2	
S_ARTI_PTN2_2	SPR_PTN2	1	4	NULL	S_ARTI_PTN2_3	
S_ARTI_PTN2_3	SPR_PTN2	2	4	NULL	S_ARTI_PTN2_1	
S_ARTI_SOAR1	SPR_SOAR	0	5	NULL	S_ARTI_SOAR2	
S_ARTI_SOAR2	SPR_SOAR	1	5	NULL	S_ARTI_SOAR3	
S_ARTI_SOAR3	SPR_SOAR	2	5	NULL	S_ARTI_SOAR4	
S_ARTI_SOAR4	SPR_SOAR	1	5	NULL	S_ARTI_SOAR1	
S_ARTI_INVU1	SPR_INVU	0	3	NULL	S_ARTI_INVU2	
S_ARTI_INVU2	SPR_INVU	1	3	NULL	S_ARTI_INVU3	
S_ARTI_INVU3	SPR_INVU	2	3	NULL	S_ARTI_INVU4	
S_ARTI_INVU4	SPR_INVU	3	3	NULL	S_ARTI_INVU1	
S_ARTI_PWBK1	SPR_PWBK	0	350	NULL	S_ARTI_PWBK1	
S_ARTI_EGGC1	SPR_EGGC	0	6	NULL	S_ARTI_EGGC2	
S_ARTI_EGGC2	SPR_EGGC	1	6	NULL	S_ARTI_EGGC3	
S_ARTI_EGGC3	SPR_EGGC	2	6	NULL	S_ARTI_EGGC4	
S_ARTI_EGGC4	SPR_EGGC	1	6	NULL	S_ARTI_EGGC1	
S_EGGFX1	SPR_EGGM	0	4	NULL	S_EGGFX2	
S_EGGFX2	SPR_EGGM	1	4	NULL	S_EGGFX3	
S_EGGFX3	SPR_EGGM	2	4	NULL	S_EGGFX4	
S_EGGFX4	SPR_EGGM	3	4	NULL	S_EGGFX5	
S_EGGFX5	SPR_EGGM	4	4	NULL	S_EGGFX1	
S_EGGFXI1_1	SPR_FX01	32772	3	NULL	S_EGGFXI1_2	
S_EGGFXI1_2	SPR_FX01	32773	3	NULL	S_EGGFXI1_3	
S_EGGFXI1_3	SPR_FX01	32774	3	NULL	S_EGGFXI1_4	
S_EGGFXI1_4	SPR_FX01	32775	3	NULL	S_NULL	
S_ARTI_SPHL1	SPR_SPHL	0	350	NULL	S_ARTI_SPHL1	
S_ARTI_TRCH1	SPR_TRCH	32768	3	NULL	S_ARTI_TRCH2	
S_ARTI_TRCH2	SPR_TRCH	32769	3	NULL	S_ARTI_TRCH3	
S_ARTI_TRCH3	SPR_TRCH	32770	3	NULL	S_ARTI_TRCH1	
S_ARTI_FBMB1	SPR_FBMB	4	350	NULL	S_ARTI_FBMB1	
S_FIREBOMB1	SPR_FBMB	0	10	NULL	S_FIREBOMB2	
S_FIREBOMB2	SPR_FBMB	1	10	NULL	S_FIREBOMB3	
S_FIREBOMB3	SPR_FBMB	2	10	NULL	S_FIREBOMB4	
S_FIREBOMB4	SPR_FBMB	3	10	NULL	S_FIREBOMB5	
S_FIREBOMB5	SPR_FBMB	4	6	A_HScream	S_FIREBOMB6	
S_FIREBOMB6	SPR_XPL1	32768	4	A_Explode	S_FIREBOMB7	
S_FIREBOMB7	SPR_XPL1	32769	4	NULL	S_FIREBOMB8	
S_FIREBOMB8	SPR_XPL1	32770	4	NULL	S_FIREBOMB9	
S_FIREBOMB9	SPR_XPL1	32771	4	NULL	S_FIREBOMB10	
S_FIREBOMB10	SPR_XPL1	32772	4	NULL	S_FIREBOMB11	
S_FIREBOMB11	SPR_XPL1	32773	4	NULL	S_NULL	
S_ARTI_ATLP1	SPR_ATLP	0	4	NULL	S_ARTI_ATLP2	
S_ARTI_ATLP2	SPR_ATLP	1	4	NULL	S_ARTI_ATLP3	
S_ARTI_ATLP3	SPR_ATLP	2	4	NULL	S_ARTI_ATLP4	
S_ARTI_ATLP4	SPR_ATLP	1	4	NULL	S_ARTI_ATLP1	
S_POD_WAIT1	SPR_PPOD	0	10	NULL	S_POD_WAIT1	
S_POD_PAIN1	SPR_PPOD	1	14	A_PodPain	S_POD_WAIT1	
S_POD_DIE1	SPR_PPOD	32770	5	A_RemovePod	S_POD_DIE2	
S_POD_DIE2	SPR_PPOD	32771	5	A_HScream	S_POD_DIE3	
S_POD_DIE3	SPR_PPOD	32772	5	A_Explode	S_POD_DIE4	
S_POD_DIE4	SPR_PPOD	32773	10	NULL	S_FREETARGMOBJ	
S_POD_GROW1	SPR_PPOD	8	3	NULL	S_POD_GROW2	
S_POD_GROW2	SPR_PPOD	9	3	NULL	S_POD_GROW3	
S_POD_GROW3	SPR_PPOD	10	3	NULL	S_POD_GROW4	
S_POD_GROW4	SPR_PPOD	11	3	NULL	S_POD_GROW5	
S_POD_GROW5	SPR_PPOD	12	3	NULL	S_POD_GROW6	
S_POD_GROW6	SPR_PPOD	13	3	NULL	S_POD_GROW7	
S_POD_GROW7	SPR_PPOD	14	3	NULL	S_POD_GROW8	
S_POD_GROW8	SPR_PPOD	15	3	NULL	S_POD_WAIT1	
S_PODGOO1	SPR_PPOD	6	8	NULL	S_PODGOO2	
S_PODGOO2	SPR_PPOD	7	8	NULL	S_PODGOO1	
S_PODGOOX	SPR_PPOD	6	10	NULL	S_NULL	
S_PODGENERATOR	SPR_AMG1	0	35	A_MakePod	S_PODGENERATOR	
S_HSPLASH1	SPR_SPSH	0	8	NULL	S_HSPLASH2	
S_HSPLASH2	SPR_SPSH	1	8	NULL	S_HSPLASH3	
S_HSPLASH3	SPR_SPSH	2	8	NULL	S_HSPLASH4	
S_HSPLASH4	SPR_SPSH	3	16	NULL	S_NULL	
S_SPLASHX	SPR_SPSH	3	10	NULL	S_NULL	
S_SPLASHBASE1	SPR_SPSH	4	5	NULL	S_SPLASHBASE2	
S_SPLASHBASE2	SPR_SPSH	5	5	NULL	S_SPLASHBASE3	
S_SPLASHBASE3	SPR_SPSH	6	5	NULL	S_SPLASHBASE4	
S_SPLASHBASE4	SPR_SPSH	7	5	NULL	S_SPLASHBASE5	
S_SPLASHBASE5	SPR_SPSH	8	5	NULL	S_SPLASHBASE6	
S_SPLASHBASE6	SPR_SPSH	9	5	NULL	S_SPLASHBASE7	
S_SPLASHBASE7	SPR_SPSH	10	5	NULL	S_NULL	
S_LAVASPLASH1	SPR_LVAS	32768	5	NULL	S_LAVASPLASH2	
S_LAVASPLASH2	SPR_LVAS	32769	5	NULL	S_LAVASPLASH3	
S_LAVASPLASH3	SPR_LVAS	32770	5	NULL	S_LAVASPLASH4	
S_LAVASPLASH4	SPR_LVAS	32771	5	NULL	S_LAVASPLASH5	
S_LAVASPLASH5	SPR_LVAS	32772	5	NULL	S_LAVASPLASH6	
S_LAVASPLASH6	SPR_LVAS	32773	5	NULL	S_NULL	
S_LAVASMOKE1	SPR_LVAS	32774	5	NULL	S_LAVASMOKE2	
S_LAVASMOKE2	SPR_LVAS	32775	5	NULL	S_LAVASMOKE3	
S_LAVASMOKE3	SPR_LVAS	32776	5	NULL	S_LAVASMOKE4	
S_LAVASMOKE4	SPR_LVAS	32777	5	NULL	S_LAVASMOKE5	
S_LAVASMOKE5	SPR_LVAS	32778	5	NULL	S_NULL	
S_SLUDGECHUNK1	SPR_SLDG	0	8	NULL	S_SLUDGECHUNK2	
S_SLUDGECHUNK2	SPR_SLDG	1	8	NULL	S_SLUDGECHUNK3	
S_SLUDGECHUNK3	SPR_SLDG	2	8	NULL	S_SLUDGECHUNK4	
S_SLUDGECHUNK4	SPR_SLDG	3	8	NULL	S_NULL	
S_SLUDGECHUNKX	SPR_SLDG	3	6	NULL	S_NULL	
S_SLUDGESPLASH1	SPR_SLDG	4	5	NULL	S_SLUDGESPLASH2	
S_SLUDGESPLASH2	SPR_SLDG	5	5	NULL	S_SLUDGESPLASH3	
S_SLUDGESPLASH3	SPR_SLDG	6	5	NULL	S_SLUDGESPLASH4	
S_SLUDGESPLASH4	SPR_SLDG	7	5	NULL	S_NULL	
S_SKULLHANG70_1	SPR_SKH1	0	-1	NULL	S_NULL	
S_SKULLHANG60_1	SPR_SKH2	0	-1	NULL	S_NULL	
S_SKULLHANG45_1	SPR_SKH3	0	-1	NULL	S_NULL	
S_SKULLHANG35_1	SPR_SKH4	0	-1	NULL	S_NULL	
S_CHANDELIER1	SPR_CHDL	0	4	NULL	S_CHANDELIER2	
S_CHANDELIER2	SPR_CHDL	1	4	NULL	S_CHANDELIER3	
S_CHANDELIER3	SPR_CHDL	2	4	NULL	S_CHANDELIER1	
S_SERPTORCH1	SPR_SRTC	0	4	NULL	S_SERPTORCH2	
S_SERPTORCH2	SPR_SRTC	1	4	NULL	S_SERPTORCH3	
S_SERPTORCH3	SPR_SRTC	2	4	NULL	S_SERPTORCH1	
S_SMALLPILLAR	SPR_SMPL	0	-1	NULL	S_NULL	
S_STALAGMITESMALL	SPR_STGS	0	-1	NULL	S_NULL	
S_STALAGMITELARGE	SPR_STGL	0	-1	NULL	S_NULL	
S_STALACTITESMALL	SPR_STCS	0	-1	NULL	S_NULL	
S_STALACTITELARGE	SPR_STCL	0	-1	NULL	S_NULL	
S_FIREBRAZIER1	SPR_KFR1	32768	3	NULL	S_FIREBRAZIER2	
S_FIREBRAZIER2	SPR_KFR1	32769	3	NULL	S_FIREBRAZIER3	
S_FIREBRAZIER3	SPR_KFR1	32770	3	NULL	S_FIREBRAZIER4	
S_FIREBRAZIER4	SPR_KFR1	32771	3	NULL	S_FIREBRAZIER5	
S_FIREBRAZIER5	SPR_KFR1	32772	3	NULL	S_FIREBRAZIER6	
S_FIREBRAZIER6	SPR_KFR1	32773	3	NULL	S_FIREBRAZIER7	
S_FIREBRAZIER7	SPR_KFR1	32774	3	NULL	S_FIREBRAZIER8	
S_FIREBRAZIER8	SPR_KFR1	32775	3	NULL	S_FIREBRAZIER1	
S_BARREL	SPR_BARL	0	-1	NULL	S_NULL	
S_BRPILLAR	SPR_BRPL	0	-1	NULL	S_NULL	
S_MOSS1	SPR_MOS1	0	-1	NULL	S_NULL	
S_MOSS2	SPR_MOS2	0	-1	NULL	S_NULL	
S_WALLTORCH1	SPR_WTRH	32768	6	NULL	S_WALLTORCH2	
S_WALLTORCH2	SPR_WTRH	32769	6	NULL	S_WALLTORCH3	
S_WALLTORCH3	SPR_WTRH	32770	6	NULL	S_WALLTORCH1	
S_HANGINGCORPSE	SPR_HCOR	0	-1	NULL	S_NULL	
S_KEYGIZMO1	SPR_KGZ1	0	1	NULL	S_KEYGIZMO2	
S_KEYGIZMO2	SPR_KGZ1	0	1	A_InitKeyGizmo	S_KEYGIZMO3	
S_KEYGIZMO3	SPR_KGZ1	0	-1	NULL	S_NULL	
S_KGZ_START	SPR_KGZB	0	1	NULL	S_KGZ_START	
S_KGZ_BLUEFLOAT1	SPR_KGZB	32768	-1	NULL	S_NULL	
S_KGZ_GREENFLOAT1	SPR_KGZG	32768	-1	NULL	S_NULL	
S_KGZ_YELLOWFLOAT1	SPR_KGZY	32768	-1	NULL	S_NULL	
S_VOLCANO1	SPR_VLCO	0	350	NULL	S_VOLCANO2	
S_VOLCANO2	SPR_VLCO	0	35	A_VolcanoSet	S_VOLCANO3	
S_VOLCANO3	SPR_VLCO	1	3	NULL	S_VOLCANO4	
S_VOLCANO4	SPR_VLCO	2	3	NULL	S_VOLCANO5	
S_VOLCANO5	SPR_VLCO	3	3	NULL	S_VOLCANO6	
S_VOLCANO6	SPR_VLCO	1	3	NULL	S_VOLCANO7	
S_VOLCANO7	SPR_VLCO	2	3	NULL	S_VOLCANO8	
S_VOLCANO8	SPR_VLCO	3	3	NULL	S_VOLCANO9	
S_VOLCANO9	SPR_VLCO	4	10	A_VolcanoBlast	S_VOLCANO2	
S_VOLCANOBALL1	SPR_VFBL	0	4	A_BeastPuff	S_VOLCANOBALL2	
S_VOLCANOBALL2	SPR_VFBL	1	4	A_BeastPuff	S_VOLCANOBALL1	
S_VOLCANOBALLX1	SPR_XPL1	0	4	A_VolcBallImpact	S_VOLCANOBALLX2	
S_VOLCANOBALLX2	SPR_XPL1	1	4	NULL	S_VOLCANOBALLX3	
S_VOLCANOBALLX3	SPR_XPL1	2	4	NULL	S_VOLCANOBALLX4	
S_VOLCANOBALLX4	SPR_XPL1	3	4	NULL	S_VOLCANOBALLX5	
S_VOLCANOBALLX5	SPR_XPL1	4	4	NULL	S_VOLCANOBALLX6	
S_VOLCANOBALLX6	SPR_XPL1	5	4	NULL	S_NULL	
S_VOLCANOTBALL1	SPR_VTFB	0	4	NULL	S_VOLCANOTBALL2	
S_VOLCANOTBALL2	SPR_VTFB	1	4	NULL	S_VOLCANOTBALL1	
S_VOLCANOTBALLX1	SPR_SFFI	2	4	NULL	S_VOLCANOTBALLX2	
S_VOLCANOTBALLX2	SPR_SFFI	1	4	NULL	S_VOLCANOTBALLX3	
S_VOLCANOTBALLX3	SPR_SFFI	0	4	NULL	S_VOLCANOTBALLX4	
S_VOLCANOTBALLX4	SPR_SFFI	1	4	NULL	S_VOLCANOTBALLX5	
S_VOLCANOTBALLX5	SPR_SFFI	2	4	NULL	S_VOLCANOTBALLX6	
S_VOLCANOTBALLX6	SPR_SFFI	3	4	NULL	S_VOLCANOTBALLX7	
S_VOLCANOTBALLX7	SPR_SFFI	4	4	NULL	S_NULL	
S_TELEGLITGEN1	SPR_TGLT	0	8	A_SpawnTeleGlitter	S_TELEGLITGEN1	
S_TELEGLITGEN2	SPR_TGLT	5	8	A_SpawnTeleGlitter2	S_TELEGLITGEN2	
S_TELEGLITTER1_1	SPR_TGLT	32768	2	NULL	S_TELEGLITTER1_2	
S_TELEGLITTER1_2	SPR_TGLT	32769	2	A_AccTeleGlitter	S_TELEGLITTER1_3	
S_TELEGLITTER1_3	SPR_TGLT	32770	2	NULL	S_TELEGLITTER1_4	
S_TELEGLITTER1_4	SPR_TGLT	32771	2	A_AccTeleGlitter	S_TELEGLITTER1_5	
S_TELEGLITTER1_5	SPR_TGLT	32772	2	NULL	S_TELEGLITTER1_1	
S_TELEGLITTER2_1	SPR_TGLT	32773	2	NULL	S_TELEGLITTER2_2	
S_TELEGLITTER2_2	SPR_TGLT	32774	2	A_AccTeleGlitter	S_TELEGLITTER2_3	
S_TELEGLITTER2_3	SPR_TGLT	32775	2	NULL	S_TELEGLITTER2_4	
S_TELEGLITTER2_4	SPR_TGLT	32776	2	A_AccTeleGlitter	S_TELEGLITTER2_5	
S_TELEGLITTER2_5	SPR_TGLT	32777	2	NULL	S_TELEGLITTER2_1	
S_HTFOG1	SPR_TELE	32768	6	NULL	S_HTFOG2	
S_HTFOG2	SPR_TELE	32769	6	NULL	S_HTFOG3	
S_HTFOG3	SPR_TELE	32770	6	NULL	S_HTFOG4	
S_HTFOG4	SPR_TELE	32771	6	NULL	S_HTFOG5	
S_HTFOG5	SPR_TELE	32772	6	NULL	S_HTFOG6	
S_HTFOG6	SPR_TELE	32773	6	NULL	S_HTFOG7	
S_HTFOG7	SPR_TELE	32774	6	NULL	S_HTFOG8	
S_HTFOG8	SPR_TELE	32775	6	NULL	S_HTFOG9	
S_HTFOG9	SPR_TELE	32774	6	NULL	S_HTFOG10	
S_HTFOG10	SPR_TELE	32773	6	NULL	S_HTFOG11	
S_HTFOG11	SPR_TELE	32772	6	NULL	S_HTFOG12	
S_HTFOG12	SPR_TELE	32771	6	NULL	S_HTFOG13	
S_HTFOG13	SPR_TELE	32770	6	NULL	S_NULL	
S_HLIGHTDONE	SPR_STFF	0	0	A_Light0	S_NULL	
S_STAFFREADY	SPR_STFF	0	1	A_WeaponReady	S_STAFFREADY	
S_STAFFDOWN	SPR_STFF	0	1	A_Lower	S_STAFFDOWN	
S_STAFFUP	SPR_STFF	0	1	A_Raise	S_STAFFUP	
S_STAFFREADY2_1	SPR_STFF	3	4	A_WeaponReady	S_STAFFREADY2_2	
S_STAFFREADY2_2	SPR_STFF	4	4	A_WeaponReady	S_STAFFREADY2_3	
S_STAFFREADY2_3	SPR_STFF	5	4	A_WeaponReady	S_STAFFREADY2_1	
S_STAFFDOWN2	SPR_STFF	3	1	A_Lower	S_STAFFDOWN2	
S_STAFFUP2	SPR_STFF	3	1	A_Raise	S_STAFFUP2	
S_STAFFATK1_1	SPR_STFF	1	6	NULL	S_STAFFATK1_2	
S_STAFFATK1_2	SPR_STFF	2	8	A_StaffAttackPL1	S_STAFFATK1_3	
S_STAFFATK1_3	SPR_STFF	1	8	A_ReFire	S_STAFFREADY	
S_STAFFATK2_1	SPR_STFF	6	6	NULL	S_STAFFATK2_2	
S_STAFFATK2_2	SPR_STFF	7	8	A_StaffAttackPL2	S_STAFFATK2_3	
S_STAFFATK2_3	SPR_STFF	6	8	A_ReFire	S_STAFFREADY2_1	
S_STAFFPUFF1	SPR_PUF3	32768	4	NULL	S_STAFFPUFF2	
S_STAFFPUFF2	SPR_PUF3	1	4	NULL	S_STAFFPUFF3	
S_STAFFPUFF3	SPR_PUF3	2	4	NULL	S_STAFFPUFF4	
S_STAFFPUFF4	SPR_PUF3	3	4	NULL	S_NULL	
S_STAFFPUFF2_1	SPR_PUF4	32768	4	NULL	S_STAFFPUFF2_2	
S_STAFFPUFF2_2	SPR_PUF4	32769	4	NULL	S_STAFFPUFF2_3	
S_STAFFPUFF2_3	SPR_PUF4	32770	4	NULL	S_STAFFPUFF2_4	
S_STAFFPUFF2_4	SPR_PUF4	32771	4	NULL	S_STAFFPUFF2_5	
S_STAFFPUFF2_5	SPR_PUF4	32772	4	NULL	S_STAFFPUFF2_6	
S_STAFFPUFF2_6	SPR_PUF4	32773	4	NULL	S_NULL	
S_BEAKREADY	SPR_BEAK	0	1	A_BeakReady	S_BEAKREADY	
S_BEAKDOWN	SPR_BEAK	0	1	A_Lower	S_BEAKDOWN	
S_BEAKUP	SPR_BEAK	0	1	A_BeakRaise	S_BEAKUP	
S_BEAKATK1_1	SPR_BEAK	0	18	A_BeakAttackPL1	S_BEAKREADY	
S_BEAKATK2_1	SPR_BEAK	0	12	A_BeakAttackPL2	S_BEAKREADY	
S_WGNT	SPR_WGNT	0	-1	NULL	S_NULL	
S_GAUNTLETREADY	SPR_GAUN	0	1	A_WeaponReady	S_GAUNTLETREADY	
S_GAUNTLETDOWN	SPR_GAUN	0	1	A_Lower	S_GAUNTLETDOWN	
S_GAUNTLETUP	SPR_GAUN	0	1	A_Raise	S_GAUNTLETUP	
S_GAUNTLETREADY2_1	SPR_GAUN	6	4	A_WeaponReady	S_GAUNTLETREADY2_2	
S_GAUNTLETREADY2_2	SPR_GAUN	7	4	A_WeaponReady	S_GAUNTLETREADY2_3	
S_GAUNTLETREADY2_3	SPR_GAUN	8	4	A_WeaponReady	S_GAUNTLETREADY2_1	
S_GAUNTLETDOWN2	SPR_GAUN	6	1	A_Lower	S_GAUNTLETDOWN2	
S_GAUNTLETUP2	SPR_GAUN	6	1	A_Raise	S_GAUNTLETUP2	
S_GAUNTLETATK1_1	SPR_GAUN	1	4	NULL	S_GAUNTLETATK1_2	
S_GAUNTLETATK1_2	SPR_GAUN	2	4	NULL	S_GAUNTLETATK1_3	
S_GAUNTLETATK1_3	SPR_GAUN	32771	4	A_GauntletAttack	S_GAUNTLETATK1_4	
S_GAUNTLETATK1_4	SPR_GAUN	32772	4	A_GauntletAttack	S_GAUNTLETATK1_5	
S_GAUNTLETATK1_5	SPR_GAUN	32773	4	A_GauntletAttack	S_GAUNTLETATK1_6	
S_GAUNTLETATK1_6	SPR_GAUN	2	4	A_ReFire	S_GAUNTLETATK1_7	
S_GAUNTLETATK1_7	SPR_GAUN	1	4	A_Light0	S_GAUNTLETREADY	
S_GAUNTLETATK2_1	SPR_GAUN	9	4	NULL	S_GAUNTLETATK2_2	
S_GAUNTLETATK2_2	SPR_GAUN	10	4	NULL	S_GAUNTLETATK2_3	
S_GAUNTLETATK2_3	SPR_GAUN	32779	4	A_GauntletAttack	S_GAUNTLETATK2_4	
S_GAUNTLETATK2_4	SPR_GAUN	32780	4	A_GauntletAttack	S_GAUNTLETATK2_5	
S_GAUNTLETATK2_5	SPR_GAUN	32781	4	A_GauntletAttack	S_GAUNTLETATK2_6	
S_GAUNTLETATK2_6	SPR_GAUN	10	4	A_ReFire	S_GAUNTLETATK2_7	
S_GAUNTLETATK2_7	SPR_GAUN	9	4	A_Light0	S_GAUNTLETREADY2_1	
S_GAUNTLETPUFF1_1	SPR_PUF1	32768	4	NULL	S_GAUNTLETPUFF1_2	
S_GAUNTLETPUFF1_2	SPR_PUF1	32769	4	NULL	S_GAUNTLETPUFF1_3	
S_GAUNTLETPUFF1_3	SPR_PUF1	32770	4	NULL	S_GAUNTLETPUFF1_4	
S_GAUNTLETPUFF1_4	SPR_PUF1	32771	4	NULL	S_NULL	
S_GAUNTLETPUFF2_1	SPR_PUF1	32772	4	NULL	S_GAUNTLETPUFF2_2	
S_GAUNTLETPUFF2_2	SPR_PUF1	32773	4	NULL	S_GAUNTLETPUFF2_3	
S_GAUNTLETPUFF2_3	SPR_PUF1	32774	4	NULL	S_GAUNTLETPUFF2_4	
S_GAUNTLETPUFF2_4	SPR_PUF1	32775	4	NULL	S_NULL	
S_BLSR	SPR_WBLS	0	-1	NULL	S_NULL	
S_BLASTERREADY	SPR_BLSR	0	1	A_WeaponReady	S_BLASTERREADY	
S_BLASTERDOWN	SPR_BLSR	0	1	A_Lower	S_BLASTERDOWN	
S_BLASTERUP	SPR_BLSR	0	1	A_Raise	S_BLASTERUP	
S_BLASTERATK1_1	SPR_BLSR	1	3	NULL	S_BLASTERATK1_2	
S_BLASTERATK1_2	SPR_BLSR	2	3	NULL	S_BLASTERATK1_3	
S_BLASTERATK1_3	SPR_BLSR	3	2	A_FireBlasterPL1	S_BLASTERATK1_4	
S_BLASTERATK1_4	SPR_BLSR	2	2	NULL	S_BLASTERATK1_5	
S_BLASTERATK1_5	SPR_BLSR	1	2	NULL	S_BLASTERATK1_6	
S_BLASTERATK1_6	SPR_BLSR	0	0	A_ReFire	S_BLASTERREADY	
S_BLASTERATK2_1	SPR_BLSR	1	0	NULL	S_BLASTERATK2_2	
S_BLASTERATK2_2	SPR_BLSR	2	0	NULL	S_BLASTERATK2_3	
S_BLASTERATK2_3	SPR_BLSR	3	3	A_FireBlasterPL2	S_BLASTERATK2_4	
S_BLASTERATK2_4	SPR_BLSR	2	4	NULL	S_BLASTERATK2_5	
S_BLASTERATK2_5	SPR_BLSR	1	4	NULL	S_BLASTERATK2_6	
S_BLASTERATK2_6	SPR_BLSR	0	0	A_ReFire	S_BLASTERREADY	
S_BLASTERFX1_1	SPR_ACLO	4	200	NULL	S_BLASTERFX1_1	
S_BLASTERFXI1_1	SPR_FX18	32768	3	A_SpawnRippers	S_BLASTERFXI1_2	
S_BLASTERFXI1_2	SPR_FX18	32769	3	NULL	S_BLASTERFXI1_3	
S_BLASTERFXI1_3	SPR_FX18	32770	4	NULL	S_BLASTERFXI1_4	
S_BLASTERFXI1_4	SPR_FX18	32771	4	NULL	S_BLASTERFXI1_5	
S_BLASTERFXI1_5	SPR_FX18	32772	4	NULL	S_BLASTERFXI1_6	
S_BLASTERFXI1_6	SPR_FX18	32773	4	NULL	S_BLASTERFXI1_7	
S_BLASTERFXI1_7	SPR_FX18	32774	4	NULL	S_NULL	
S_BLASTERSMOKE1	SPR_FX18	7	4	NULL	S_BLASTERSMOKE2	
S_BLASTERSMOKE2	SPR_FX18	8	4	NULL	S_BLASTERSMOKE3	
S_BLASTERSMOKE3	SPR_FX18	9	4	NULL	S_BLASTERSMOKE4	
S_BLASTERSMOKE4	SPR_FX18	10	4	NULL	S_BLASTERSMOKE5	
S_BLASTERSMOKE5	SPR_FX18	11	4	NULL	S_NULL	
S_RIPPER1	SPR_FX18	12	4	NULL	S_RIPPER2	
S_RIPPER2	SPR_FX18	13	5	NULL	S_RIPPER1	
S_RIPPERX1	SPR_FX18	32782	4	NULL	S_RIPPERX2	
S_RIPPERX2	SPR_FX18	32783	4	NULL	S_RIPPERX3	
S_RIPPERX3	SPR_FX18	32784	4	NULL	S_RIPPERX4	
S_RIPPERX4	SPR_FX18	32785	4	NULL	S_RIPPERX5	
S_RIPPERX5	SPR_FX18	32786	4	NULL	S_NULL	
S_BLASTERPUFF1_1	SPR_FX17	32768	4	NULL	S_BLASTERPUFF1_2	
S_BLASTERPUFF1_2	SPR_FX17	32769	4	NULL	S_BLASTERPUFF1_3	
S_BLASTERPUFF1_3	SPR_FX17	32770	4	NULL	S_BLASTERPUFF1_4	
S_BLASTERPUFF1_4	SPR_FX17	32771	4	NULL	S_BLASTERPUFF1_5	
S_BLASTERPUFF1_5	SPR_FX17	32772	4	NULL	S_NULL	
S_BLASTERPUFF2_1	SPR_FX17	32773	3	NULL	S_BLASTERPUFF2_2	
S_BLASTERPUFF2_2	SPR_FX17	32774	3	NULL	S_BLASTERPUFF2_3	
S_BLASTERPUFF2_3	SPR_FX17	32775	4	NULL	S_BLASTERPUFF2_4	
S_BLASTERPUFF2_4	SPR_FX17	32776	4	NULL	S_BLASTERPUFF2_5	
S_BLASTERPUFF2_5	SPR_FX17	32777	4	NULL	S_BLASTERPUFF2_6	
S_BLASTERPUFF2_6	SPR_FX17	32778	4	NULL	S_BLASTERPUFF2_7	
S_BLASTERPUFF2_7	SPR_FX17	32779	4	NULL	S_NULL	
S_WMCE	SPR_WMCE	0	-1	NULL	S_NULL	
S_MACEREADY	SPR_MACE	0	1	A_WeaponReady	S_MACEREADY	
S_MACEDOWN	SPR_MACE	0	1	A_Lower	S_MACEDOWN	
S_MACEUP	SPR_MACE	0	1	A_Raise	S_MACEUP	
S_MACEATK1_1	SPR_MACE	1	4	NULL	S_MACEATK1_2	
S_MACEATK1_2	SPR_MACE	2	3	A_FireMacePL1	S_MACEATK1_3	
S_MACEATK1_3	SPR_MACE	3	3	A_FireMacePL1	S_MACEATK1_4	
S_MACEATK1_4	SPR_MACE	4	3	A_FireMacePL1	S_MACEATK1_5	
S_MACEATK1_5	SPR_MACE	5	3	A_FireMacePL1	S_MACEATK1_6	
S_MACEATK1_6	SPR_MACE	2	4	A_ReFire	S_MACEATK1_7	
S_MACEATK1_7	SPR_MACE	3	4	NULL	S_MACEATK1_8	
S_MACEATK1_8	SPR_MACE	4	4	NULL	S_MACEATK1_9	
S_MACEATK1_9	SPR_MACE	5	4	NULL	S_MACEATK1_10	
S_MACEATK1_10	SPR_MACE	1	4	NULL	S_MACEREADY	
S_MACEATK2_1	SPR_MACE	1	4	NULL	S_MACEATK2_2	
S_MACEATK2_2	SPR_MACE	3	4	A_FireMacePL2	S_MACEATK2_3	
S_MACEATK2_3	SPR_MACE	1	4	NULL	S_MACEATK2_4	
S_MACEATK2_4	SPR_MACE	0	8	A_ReFire	S_MACEREADY	
S_MACEFX1_1	SPR_FX02	0	4	A_MacePL1Check	S_MACEFX1_2	
S_MACEFX1_2	SPR_FX02	1	4	A_MacePL1Check	S_MACEFX1_1	
S_MACEFXI1_1	SPR_FX02	32773	4	A_MaceBallImpact	S_MACEFXI1_2	
S_MACEFXI1_2	SPR_FX02	32774	4	NULL	S_MACEFXI1_3	
S_MACEFXI1_3	SPR_FX02	32775	4	NULL	S_MACEFXI1_4	
S_MACEFXI1_4	SPR_FX02	32776	4	NULL	S_MACEFXI1_5	
S_MACEFXI1_5	SPR_FX02	32777	4	NULL	S_NULL	
S_MACEFX2_1	SPR_FX02	2	4	NULL	S_MACEFX2_2	
S_MACEFX2_2	SPR_FX02	3	4	NULL	S_MACEFX2_1	
S_MACEFXI2_1	SPR_FX02	32773	4	A_MaceBallImpact2	S_MACEFXI1_2	
S_MACEFX3_1	SPR_FX02	0	4	NULL	S_MACEFX3_2	
S_MACEFX3_2	SPR_FX02	1	4	NULL	S_MACEFX3_1	
S_MACEFX4_1	SPR_FX02	4	99	NULL	S_MACEFX4_1	
S_MACEFXI4_1	SPR_FX02	32770	4	A_DeathBallImpact	S_MACEFXI1_2	
S_WSKL	SPR_WSKL	0	-1	NULL	S_NULL	
S_HORNRODREADY	SPR_HROD	0	1	A_WeaponReady	S_HORNRODREADY	
S_HORNRODDOWN	SPR_HROD	0	1	A_Lower	S_HORNRODDOWN	
S_HORNRODUP	SPR_HROD	0	1	A_Raise	S_HORNRODUP	
S_HORNRODATK1_1	SPR_HROD	0	4	A_FireSkullRodPL1	S_HORNRODATK1_2	
S_HORNRODATK1_2	SPR_HROD	1	4	A_FireSkullRodPL1	S_HORNRODATK1_3	
S_HORNRODATK1_3	SPR_HROD	1	0	A_ReFire	S_HORNRODREADY	
S_HORNRODATK2_1	SPR_HROD	2	2	NULL	S_HORNRODATK2_2	
S_HORNRODATK2_2	SPR_HROD	3	3	NULL	S_HORNRODATK2_3	
S_HORNRODATK2_3	SPR_HROD	4	2	NULL	S_HORNRODATK2_4	
S_HORNRODATK2_4	SPR_HROD	5	3	NULL	S_HORNRODATK2_5	
S_HORNRODATK2_5	SPR_HROD	6	4	A_FireSkullRodPL2	S_HORNRODATK2_6	
S_HORNRODATK2_6	SPR_HROD	5	2	NULL	S_HORNRODATK2_7	
S_HORNRODATK2_7	SPR_HROD	4	3	NULL	S_HORNRODATK2_8	
S_HORNRODATK2_8	SPR_HROD	3	2	NULL	S_HORNRODATK2_9	
S_HORNRODATK2_9	SPR_HROD	2	2	A_ReFire	S_HORNRODREADY	
S_HRODFX1_1	SPR_FX00	32768	6	NULL	S_HRODFX1_2	
S_HRODFX1_2	SPR_FX00	32769	6	NULL	S_HRODFX1_1	
S_HRODFXI1_1	SPR_FX00	32775	5	NULL	S_HRODFXI1_2	
S_HRODFXI1_2	SPR_FX00	32776	5	NULL	S_HRODFXI1_3	
S_HRODFXI1_3	SPR_FX00	32777	4	NULL	S_HRODFXI1_4	
S_HRODFXI1_4	SPR_FX00	32778	4	NULL	S_HRODFXI1_5	
S_HRODFXI1_5	SPR_FX00	32779	3	NULL	S_HRODFXI1_6	
S_HRODFXI1_6	SPR_FX00	32780	3	NULL	S_NULL	
S_HRODFX2_1	SPR_FX00	32770	3	NULL	S_HRODFX2_2	
S_HRODFX2_2	SPR_FX00	32771	3	A_SkullRodPL2Seek	S_HRODFX2_3	
S_HRODFX2_3	SPR_FX00	32772	3	NULL	S_HRODFX2_4	
S_HRODFX2_4	SPR_FX00	32773	3	A_SkullRodPL2Seek	S_HRODFX2_1	
S_HRODFXI2_1	SPR_FX00	32775	5	A_AddPlayerRain	S_HRODFXI2_2	
S_HRODFXI2_2	SPR_FX00	32776	5	NULL	S_HRODFXI2_3	
S_HRODFXI2_3	SPR_FX00	32777	4	NULL	S_HRODFXI2_4	
S_HRODFXI2_4	SPR_FX00	32778	3	NULL	S_HRODFXI2_5	
S_HRODFXI2_5	SPR_FX00	32779	3	NULL	S_HRODFXI2_6	
S_HRODFXI2_6	SPR_FX00	32780	3	NULL	S_HRODFXI2_7	
S_HRODFXI2_7	SPR_FX00	6	1	A_HideInCeiling	S_HRODFXI2_8	
S_HRODFXI2_8	SPR_FX00	6	1	A_SkullRodStorm	S_HRODFXI2_8	
S_RAINPLR1_1	SPR_FX20	32768	-1	NULL	S_NULL	
S_RAINPLR2_1	SPR_FX21	32768	-1	NULL	S_NULL	
S_RAINPLR3_1	SPR_FX22	32768	-1	NULL	S_NULL	
S_RAINPLR4_1	SPR_FX23	32768	-1	NULL	S_NULL	
S_RAINPLR1X_1	SPR_FX20	32769	4	A_RainImpact	S_RAINPLR1X_2	
S_RAINPLR1X_2	SPR_FX20	32770	4	NULL	S_RAINPLR1X_3	
S_RAINPLR1X_3	SPR_FX20	32771	4	NULL	S_RAINPLR1X_4	
S_RAINPLR1X_4	SPR_FX20	32772	4	NULL	S_RAINPLR1X_5	
S_RAINPLR1X_5	SPR_FX20	32773	4	NULL	S_NULL	
S_RAINPLR2X_1	SPR_FX21	32769	4	A_RainImpact	S_RAINPLR2X_2	
S_RAINPLR2X_2	SPR_FX21	32770	4	NULL	S_RAINPLR2X_3	
S_RAINPLR2X_3	SPR_FX21	32771	4	NULL	S_RAINPLR2X_4	
S_RAINPLR2X_4	SPR_FX21	32772	4	NULL	S_RAINPLR2X_5	
S_RAINPLR2X_5	SPR_FX21	32773	4	NULL	S_NULL	
S_RAINPLR3X_1	SPR_FX22	32769	4	A_RainImpact	S_RAINPLR3X_2	
S_RAINPLR3X_2	SPR_FX22	32770	4	NULL	S_RAINPLR3X_3	
S_RAINPLR3X_3	SPR_FX22	32771	4	NULL	S_RAINPLR3X_4	
S_RAINPLR3X_4	SPR_FX22	32772	4	NULL	S_RAINPLR3X_5	
S_RAINPLR3X_5	SPR_FX22	32773	4	NULL	S_NULL	
S_RAINPLR4X_1	SPR_FX23	32769	4	A_RainImpact	S_RAINPLR4X_2	
S_RAINPLR4X_2	SPR_FX23	32770	4	NULL	S_RAINPLR4X_3	
S_RAINPLR4X_3	SPR_FX23	32771	4	NULL	S_RAINPLR4X_4	
S_RAINPLR4X_4	SPR_FX23	32772	4	NULL	S_RAINPLR4X_5	
S_RAINPLR4X_5	SPR_FX23	32773	4	NULL	S_NULL	
S_RAINAIRXPLR1_1	SPR_FX20	32774	4	NULL	S_RAINAIRXPLR1_2	
S_RAINAIRXPLR2_1	SPR_FX21	32774	4	NULL	S_RAINAIRXPLR2_2	
S_RAINAIRXPLR3_1	SPR_FX22	32774	4	NULL	S_RAINAIRXPLR3_2	
S_RAINAIRXPLR4_1	SPR_FX23	32774	4	NULL	S_RAINAIRXPLR4_2	
S_RAINAIRXPLR1_2	SPR_FX20	32775	4	NULL	S_RAINAIRXPLR1_3	
S_RAINAIRXPLR2_2	SPR_FX21	32775	4	NULL	S_RAINAIRXPLR2_3	
S_RAINAIRXPLR3_2	SPR_FX22	32775	4	NULL	S_RAINAIRXPLR3_3	
S_RAINAIRXPLR4_2	SPR_FX23	32775	4	NULL	S_RAINAIRXPLR4_3	
S_RAINAIRXPLR1_3	SPR_FX20	32776	4	NULL	S_NULL	
S_RAINAIRXPLR2_3	SPR_FX21	32776	4	NULL	S_NULL	
S_RAINAIRXPLR3_3	SPR_FX22	32776	4	NULL	S_NULL	
S_RAINAIRXPLR4_3	SPR_FX23	32776	4	NULL	S_NULL	
S_GOLDWANDREADY	SPR_GWND	0	1	A_WeaponReady	S_GOLDWANDREADY	
S_GOLDWANDDOWN	SPR_GWND	0	1	A_Lower	S_GOLDWANDDOWN	
S_GOLDWANDUP	SPR_GWND	0	1	A_Raise	S_GOLDWANDUP	
S_GOLDWANDATK1_1	SPR_GWND	1	3	NULL	S_GOLDWANDATK1_2	
S_GOLDWANDATK1_2	SPR_GWND	2	5	A_FireGoldWandPL1	S_GOLDWANDATK1_3	
S_GOLDWANDATK1_3	SPR_GWND	3	3	NULL	S_GOLDWANDATK1_4	
S_GOLDWANDATK1_4	SPR_GWND	3	0	A_ReFire	S_GOLDWANDREADY	
S_GOLDWANDATK2_1	SPR_GWND	1	3	NULL	S_GOLDWANDATK2_2	
S_GOLDWANDATK2_2	SPR_GWND	2	4	A_FireGoldWandPL2	S_GOLDWANDATK2_3	
S_GOLDWANDATK2_3	SPR_GWND	3	3	NULL	S_GOLDWANDATK2_4	
S_GOLDWANDATK2_4	SPR_GWND	3	0	A_ReFire	S_GOLDWANDREADY	
S_GWANDFX1_1	SPR_FX01	32768	6	NULL	S_GWANDFX1_2	
S_GWANDFX1_2	SPR_FX01	32769	6	NULL	S_GWANDFX1_1	
S_GWANDFXI1_1	SPR_FX01	32772	3	NULL	S_GWANDFXI1_2	
S_GWANDFXI1_2	SPR_FX01	32773	3	NULL	S_GWANDFXI1_3	
S_GWANDFXI1_3	SPR_FX01	32774	3	NULL	S_GWANDFXI1_4	
S_GWANDFXI1_4	SPR_FX01	32775	3	NULL	S_NULL	
S_GWANDFX2_1	SPR_FX01	32770	6	NULL	S_GWANDFX2_2	
S_GWANDFX2_2	SPR_FX01	32771	6	NULL	S_GWANDFX2_1	
S_GWANDPUFF1_1	SPR_PUF2	32768	3	NULL	S_GWANDPUFF1_2	
S_GWANDPUFF1_2	SPR_PUF2	32769	3	NULL	S_GWANDPUFF1_3	
S_GWANDPUFF1_3	SPR_PUF2	32770	3	NULL	S_GWANDPUFF1_4	
S_GWANDPUFF1_4	SPR_PUF2	32771	3	NULL	S_GWANDPUFF1_5	
S_GWANDPUFF1_5	SPR_PUF2	32772	3	NULL	S_NULL	
S_WPHX	SPR_WPHX	0	-1	NULL	S_NULL	
S_PHOENIXREADY	SPR_PHNX	0	1	A_WeaponReady	S_PHOENIXREADY	
S_PHOENIXDOWN	SPR_PHNX	0	1	A_Lower	S_PHOENIXDOWN	
S_PHOENIXUP	SPR_PHNX	0	1	A_Raise	S_PHOENIXUP	
S_PHOENIXATK1_1	SPR_PHNX	1	5	NULL	S_PHOENIXATK1_2	
S_PHOENIXATK1_2	SPR_PHNX	2	7	A_FirePhoenixPL1	S_PHOENIXATK1_3	
S_PHOENIXATK1_3	SPR_PHNX	3	4	NULL	S_PHOENIXATK1_4	
S_PHOENIXATK1_4	SPR_PHNX	1	4	NULL	S_PHOENIXATK1_5	
S_PHOENIXATK1_5	SPR_PHNX	1	0	A_ReFire	S_PHOENIXREADY	
S_PHOENIXATK2_1	SPR_PHNX	1	3	A_InitPhoenixPL2	S_PHOENIXATK2_2	
S_PHOENIXATK2_2	SPR_PHNX	32770	1	A_FirePhoenixPL2	S_PHOENIXATK2_3	
S_PHOENIXATK2_3	SPR_PHNX	1	4	A_ReFire	S_PHOENIXATK2_4	
S_PHOENIXATK2_4	SPR_PHNX	1	4	A_ShutdownPhoenixPL2	S_PHOENIXREADY	
S_PHOENIXFX1_1	SPR_FX04	32768	4	A_PhoenixPuff	S_PHOENIXFX1_1	
S_PHOENIXFXI1_1	SPR_FX08	32768	6	A_Explode	S_PHOENIXFXI1_2	
S_PHOENIXFXI1_2	SPR_FX08	32769	5	NULL	S_PHOENIXFXI1_3	
S_PHOENIXFXI1_3	SPR_FX08	32770	5	NULL	S_PHOENIXFXI1_4	
S_PHOENIXFXI1_4	SPR_FX08	32771	4	NULL	S_PHOENIXFXI1_5	
S_PHOENIXFXI1_5	SPR_FX08	32772	4	NULL	S_PHOENIXFXI1_6	
S_PHOENIXFXI1_6	SPR_FX08	32773	4	NULL	S_PHOENIXFXI1_7	
S_PHOENIXFXI1_7	SPR_FX08	32774	4	NULL	S_PHOENIXFXI1_8	
S_PHOENIXFXI1_8	SPR_FX08	32775	4	NULL	S_NULL	
S_PHOENIXPUFF1	SPR_FX04	1	4	NULL	S_PHOENIXPUFF2	
S_PHOENIXPUFF2	SPR_FX04	2	4	NULL	S_PHOENIXPUFF3	
S_PHOENIXPUFF3	SPR_FX04	3	4	NULL	S_PHOENIXPUFF4	
S_PHOENIXPUFF4	SPR_FX04	4	4	NULL	S_PHOENIXPUFF5	
S_PHOENIXPUFF5	SPR_FX04	5	4	NULL	S_NULL	
S_PHOENIXFX2_1	SPR_FX09	32768	2	NULL	S_PHOENIXFX2_2	
S_PHOENIXFX2_2	SPR_FX09	32769	2	NULL	S_PHOENIXFX2_3	
S_PHOENIXFX2_3	SPR_FX09	32768	2	NULL	S_PHOENIXFX2_4	
S_PHOENIXFX2_4	SPR_FX09	32769	2	NULL	S_PHOENIXFX2_5	
S_PHOENIXFX2_5	SPR_FX09	32768	2	NULL	S_PHOENIXFX2_6	
S_PHOENIXFX2_6	SPR_FX09	32769	2	A_FlameEnd	S_PHOENIXFX2_7	
S_PHOENIXFX2_7	SPR_FX09	32770	2	NULL	S_PHOENIXFX2_8	
S_PHOENIXFX2_8	SPR_FX09	32771	2	NULL	S_PHOENIXFX2_9	
S_PHOENIXFX2_9	SPR_FX09	32772	2	NULL	S_PHOENIXFX2_10	
S_PHOENIXFX2_10	SPR_FX09	32773	2	NULL	S_NULL	
S_PHOENIXFXI2_1	SPR_FX09	32774	3	NULL	S_PHOENIXFXI2_2	
S_PHOENIXFXI2_2	SPR_FX09	32775	3	A_FloatPuff	S_PHOENIXFXI2_3	
S_PHOENIXFXI2_3	SPR_FX09	32776	4	NULL	S_PHOENIXFXI2_4	
S_PHOENIXFXI2_4	SPR_FX09	32777	5	NULL	S_PHOENIXFXI2_5	
S_PHOENIXFXI2_5	SPR_FX09	32778	5	NULL	S_NULL	
S_WBOW	SPR_WBOW	0	-1	NULL	S_NULL	
S_CRBOW1	SPR_CRBW	0	1	A_WeaponReady	S_CRBOW2	
S_CRBOW2	SPR_CRBW	0	1	A_WeaponReady	S_CRBOW3	
S_CRBOW3	SPR_CRBW	0	1	A_WeaponReady	S_CRBOW4	
S_CRBOW4	SPR_CRBW	0	1	A_WeaponReady	S_CRBOW5	
S_CRBOW5	SPR_CRBW	0	1	A_WeaponReady	S_CRBOW6	
S_CRBOW6	SPR_CRBW	0	1	A_WeaponReady	S_CRBOW7	
S_CRBOW7	SPR_CRBW	1	1	A_WeaponReady	S_CRBOW8	
S_CRBOW8	SPR_CRBW	1	1	A_WeaponReady	S_CRBOW9	
S_CRBOW9	SPR_CRBW	1	1	A_WeaponReady	S_CRBOW10	
S_CRBOW10	SPR_CRBW	1	1	A_WeaponReady	S_CRBOW11	
S_CRBOW11	SPR_CRBW	1	1	A_WeaponReady	S_CRBOW12	
S_CRBOW12	SPR_CRBW	1	1	A_WeaponReady	S_CRBOW13	
S_CRBOW13	SPR_CRBW	2	1	A_WeaponReady	S_CRBOW14	
S_CRBOW14	SPR_CRBW	2	1	A_WeaponReady	S_CRBOW15	
S_CRBOW15	SPR_CRBW	2	1	A_WeaponReady	S_CRBOW16	
S_CRBOW16	SPR_CRBW	2	1	A_WeaponReady	S_CRBOW17	
S_CRBOW17	SPR_CRBW	2	1	A_WeaponReady	S_CRBOW18	
S_CRBOW18	SPR_CRBW	2	1	A_WeaponReady	S_CRBOW1	
S_CRBOWDOWN	SPR_CRBW	0	1	A_Lower	S_CRBOWDOWN	
S_CRBOWUP	SPR_CRBW	0	1	A_Raise	S_CRBOWUP	
S_CRBOWATK1_1	SPR_CRBW	3	6	A_FireCrossbowPL1	S_CRBOWATK1_2	
S_CRBOWATK1_2	SPR_CRBW	4	3	NULL	S_CRBOWATK1_3	
S_CRBOWATK1_3	SPR_CRBW	5	3	NULL	S_CRBOWATK1_4	
S_CRBOWATK1_4	SPR_CRBW	6	3	NULL	S_CRBOWATK1_5	
S_CRBOWATK1_5	SPR_CRBW	7	3	NULL	S_CRBOWATK1_6	
S_CRBOWATK1_6	SPR_CRBW	0	4	NULL	S_CRBOWATK1_7	
S_CRBOWATK1_7	SPR_CRBW	1	4	NULL	S_CRBOWATK1_8	
S_CRBOWATK1_8	SPR_CRBW	2	5	A_ReFire	S_CRBOW1	
S_CRBOWATK2_1	SPR_CRBW	3	5	A_FireCrossbowPL2	S_CRBOWATK2_2	
S_CRBOWATK2_2	SPR_CRBW	4	3	NULL	S_CRBOWATK2_3	
S_CRBOWATK2_3	SPR_CRBW	5	2	NULL	S_CRBOWATK2_4	
S_CRBOWATK2_4	SPR_CRBW	6	3	NULL	S_CRBOWATK2_5	
S_CRBOWATK2_5	SPR_CRBW	7	2	NULL	S_CRBOWATK2_6	
S_CRBOWATK2_6	SPR_CRBW	0	3	NULL	S_CRBOWATK2_7	
S_CRBOWATK2_7	SPR_CRBW	1	3	NULL	S_CRBOWATK2_8	
S_CRBOWATK2_8	SPR_CRBW	2	4	A_ReFire	S_CRBOW1	
S_CRBOWFX1	SPR_FX03	32769	1	NULL	S_CRBOWFX1	
S_CRBOWFXI1_1	SPR_FX03	32775	8	NULL	S_CRBOWFXI1_2	
S_CRBOWFXI1_2	SPR_FX03	32776	8	NULL	S_CRBOWFXI1_3	
S_CRBOWFXI1_3	SPR_FX03	32777	8	NULL	S_NULL	
S_CRBOWFX2	SPR_FX03	32769	1	A_BoltSpark	S_CRBOWFX2	
S_CRBOWFX3	SPR_FX03	32768	1	NULL	S_CRBOWFX3	
S_CRBOWFXI3_1	SPR_FX03	32770	8	NULL	S_CRBOWFXI3_2	
S_CRBOWFXI3_2	SPR_FX03	32771	8	NULL	S_CRBOWFXI3_3	
S_CRBOWFXI3_3	SPR_FX03	32772	8	NULL	S_NULL	
S_CRBOWFX4_1	SPR_FX03	32773	8	NULL	S_CRBOWFX4_2	
S_CRBOWFX4_2	SPR_FX03	32774	8	NULL	S_NULL	
S_HBLOOD1	SPR_BLOD	2	8	NULL	S_HBLOOD2	
S_HBLOOD2	SPR_BLOD	1	8	NULL	S_HBLOOD3	
S_HBLOOD3	SPR_BLOD	0	8	NULL	S_NULL	
S_BLOODSPLATTER1	SPR_BLUD	2	8	NULL	S_BLOODSPLATTER2	
S_BLOODSPLATTER2	SPR_BLUD	1	8	NULL	S_BLOODSPLATTER3	
S_BLOODSPLATTER3	SPR_BLUD	0	8	NULL	S_NULL	
S_BLOODSPLATTERX	SPR_BLUD	0	6	NULL	S_NULL	
S_PLAY	SPR_PLAY	0	-1	NULL	S_NULL	
S_PLAY_RUN1	SPR_PLAY	0	4	NULL	S_PLAY_RUN2	
S_PLAY_RUN2	SPR_PLAY	1	4	NULL	S_PLAY_RUN3	
S_PLAY_RUN3	SPR_PLAY	2	4	NULL	S_PLAY_RUN4	
S_PLAY_RUN4	SPR_PLAY	3	4	NULL	S_PLAY_RUN1	
S_PLAY_ATK1	SPR_PLAY	4	12	NULL	S_PLAY	
S_PLAY_ATK2	SPR_PLAY	32773	6	NULL	S_PLAY_ATK1	
S_PLAY_PAIN	SPR_PLAY	6	4	NULL	S_PLAY_PAIN2	
S_PLAY_PAIN2	SPR_PLAY	6	4	A_Pain	S_PLAY	
S_PLAY_DIE1	SPR_PLAY	7	6	NULL	S_PLAY_DIE2	
S_PLAY_DIE2	SPR_PLAY	8	6	A_HScream	S_PLAY_DIE3	
S_PLAY_DIE3	SPR_PLAY	9	6	NULL	S_PLAY_DIE4	
S_PLAY_DIE4	SPR_PLAY	10	6	NULL	S_PLAY_DIE5	
S_PLAY_DIE5	SPR_PLAY	11	6	A_NoBlocking	S_PLAY_DIE6	
S_PLAY_DIE6	SPR_PLAY	12	6	NULL	S_PLAY_DIE7	
S_PLAY_DIE7	SPR_PLAY	13	6	NULL	S_PLAY_DIE8	
S_PLAY_DIE8	SPR_PLAY	14	6	NULL	S_PLAY_DIE9	
S_PLAY_DIE9	SPR_PLAY	15	-1	A_AddPlayerCorpse	S_NULL	
S_PLAY_XDIE1	SPR_PLAY	16	5	A_HScream	S_PLAY_XDIE2	
S_PLAY_XDIE2	SPR_PLAY	17	5	A_SkullPop	S_PLAY_XDIE3	
S_PLAY_XDIE3	SPR_PLAY	18	5	A_NoBlocking	S_PLAY_XDIE4	
S_PLAY_XDIE4	SPR_PLAY	19	5	NULL	S_PLAY_XDIE5	
S_PLAY_XDIE5	SPR_PLAY	20	5	NULL	S_PLAY_XDIE6	
S_PLAY_XDIE6	SPR_PLAY	21	5	NULL	S_PLAY_XDIE7	
S_PLAY_XDIE7	SPR_PLAY	22	5	NULL	S_PLAY_XDIE8	
S_PLAY_XDIE8	SPR_PLAY	23	5	NULL	S_PLAY_XDIE9	
S_PLAY_XDIE9	SPR_PLAY	24	-1	A_AddPlayerCorpse	S_NULL	
S_PLAY_FDTH1	SPR_FDTH	32768	5	A_FlameSnd	S_PLAY_FDTH2	
S_PLAY_FDTH2	SPR_FDTH	32769	4	NULL	S_PLAY_FDTH3	
S_PLAY_FDTH3	SPR_FDTH	32770	5	NULL	S_PLAY_FDTH4	
S_PLAY_FDTH4	SPR_FDTH	32771	4	A_HScream	S_PLAY_FDTH5	
S_PLAY_FDTH5	SPR_FDTH	32772	5	NULL	S_PLAY_FDTH6	
S_PLAY_FDTH6	SPR_FDTH	32773	4	NULL	S_PLAY_FDTH7	
S_PLAY_FDTH7	SPR_FDTH	32774	5	A_FlameSnd	S_PLAY_FDTH8	
S_PLAY_FDTH8	SPR_FDTH	32775	4	NULL	S_PLAY_FDTH9	
S_PLAY_FDTH9	SPR_FDTH	32776	5	NULL	S_PLAY_FDTH10	
S_PLAY_FDTH10	SPR_FDTH	32777	4	NULL	S_PLAY_FDTH11	
S_PLAY_FDTH11	SPR_FDTH	32778	5	NULL	S_PLAY_FDTH12	
S_PLAY_FDTH12	SPR_FDTH	32779	4	NULL	S_PLAY_FDTH13	
S_PLAY_FDTH13	SPR_FDTH	32780	5	NULL	S_PLAY_FDTH14	
S_PLAY_FDTH14	SPR_FDTH	32781	4	NULL	S_PLAY_FDTH15	
S_PLAY_FDTH15	SPR_FDTH	32782	5	A_NoBlocking	S_PLAY_FDTH16	
S_PLAY_FDTH16	SPR_FDTH	32783	4	NULL	S_PLAY_FDTH17	
S_PLAY_FDTH17	SPR_FDTH	32784	5	NULL	S_PLAY_FDTH18	
S_PLAY_FDTH18	SPR_FDTH	32785	4	NULL	S_PLAY_FDTH19	
S_PLAY_FDTH19	SPR_ACLO	4	35	A_CheckBurnGone	S_PLAY_FDTH19	
S_PLAY_FDTH20	SPR_ACLO	4	8	NULL	S_NULL	
S_BLOODYSKULL1	SPR_BSKL	0	5	A_CheckSkullFloor	S_BLOODYSKULL2	
S_BLOODYSKULL2	SPR_BSKL	1	5	A_CheckSkullFloor	S_BLOODYSKULL3	
S_BLOODYSKULL3	SPR_BSKL	2	5	A_CheckSkullFloor	S_BLOODYSKULL4	
S_BLOODYSKULL4	SPR_BSKL	3	5	A_CheckSkullFloor	S_BLOODYSKULL5	
S_BLOODYSKULL5	SPR_BSKL	4	5	A_CheckSkullFloor	S_BLOODYSKULL1	
S_BLOODYSKULLX1	SPR_BSKL	5	16	A_CheckSkullDone	S_BLOODYSKULLX1	
S_BLOODYSKULLX2	SPR_BSKL	5	1050	NULL	S_NULL	
S_CHICPLAY	SPR_CHKN	0	-1	NULL	S_NULL	
S_CHICPLAY_RUN1	SPR_CHKN	0	3	NULL	S_CHICPLAY_RUN2	
S_CHICPLAY_RUN2	SPR_CHKN	1	3	NULL	S_CHICPLAY_RUN3	
S_CHICPLAY_RUN3	SPR_CHKN	0	3	NULL	S_CHICPLAY_RUN4	
S_CHICPLAY_RUN4	SPR_CHKN	1	3	NULL	S_CHICPLAY_RUN1	
S_CHICPLAY_ATK1	SPR_CHKN	2	12	NULL	S_CHICPLAY	
S_CHICPLAY_PAIN	SPR_CHKN	3	4	A_Feathers	S_CHICPLAY_PAIN2	
S_CHICPLAY_PAIN2	SPR_CHKN	2	4	A_Pain	S_CHICPLAY	
S_CHICKEN_LOOK1	SPR_CHKN	0	10	A_ChicLook	S_CHICKEN_LOOK2	
S_CHICKEN_LOOK2	SPR_CHKN	1	10	A_ChicLook	S_CHICKEN_LOOK1	
S_CHICKEN_WALK1	SPR_CHKN	0	3	A_ChicChase	S_CHICKEN_WALK2	
S_CHICKEN_WALK2	SPR_CHKN	1	3	A_ChicChase	S_CHICKEN_WALK1	
S_CHICKEN_PAIN1	SPR_CHKN	3	5	A_Feathers	S_CHICKEN_PAIN2	
S_CHICKEN_PAIN2	SPR_CHKN	2	5	A_ChicPain	S_CHICKEN_WALK1	
S_CHICKEN_ATK1	SPR_CHKN	0	8	A_FaceTarget	S_CHICKEN_ATK2	
S_CHICKEN_ATK2	SPR_CHKN	2	10	A_ChicAttack	S_CHICKEN_WALK1	
S_CHICKEN_DIE1	SPR_CHKN	4	6	A_HScream	S_CHICKEN_DIE2	
S_CHICKEN_DIE2	SPR_CHKN	5	6	A_Feathers	S_CHICKEN_DIE3	
S_CHICKEN_DIE3	SPR_CHKN	6	6	NULL	S_CHICKEN_DIE4	
S_CHICKEN_DIE4	SPR_CHKN	7	6	A_NoBlocking	S_CHICKEN_DIE5	
S_CHICKEN_DIE5	SPR_CHKN	8	6	NULL	S_CHICKEN_DIE6	
S_CHICKEN_DIE6	SPR_CHKN	9	6	NULL	S_CHICKEN_DIE7	
S_CHICKEN_DIE7	SPR_CHKN	10	6	NULL	S_CHICKEN_DIE8	
S_CHICKEN_DIE8	SPR_CHKN	11	-1	NULL	S_NULL	
S_FEATHER1	SPR_CHKN	12	3	NULL	S_FEATHER2	
S_FEATHER2	SPR_CHKN	13	3	NULL	S_FEATHER3	
S_FEATHER3	SPR_CHKN	14	3	NULL	S_FEATHER4	
S_FEATHER4	SPR_CHKN	15	3	NULL	S_FEATHER5	
S_FEATHER5	SPR_CHKN	16	3	NULL	S_FEATHER6	
S_FEATHER6	SPR_CHKN	15	3	NULL	S_FEATHER7	
S_FEATHER7	SPR_CHKN	14	3	NULL	S_FEATHER8	
S_FEATHER8	SPR_CHKN	13	3	NULL	S_FEATHER1	
S_FEATHERX	SPR_CHKN	13	6	NULL	S_NULL	
S_MUMMY_LOOK1	SPR_MUMM	0	10	A_Look	S_MUMMY_LOOK2	
S_MUMMY_LOOK2	SPR_MUMM	1	10	A_Look	S_MUMMY_LOOK1	
S_MUMMY_WALK1	SPR_MUMM	0	4	A_Chase	S_MUMMY_WALK2	
S_MUMMY_WALK2	SPR_MUMM	1	4	A_Chase	S_MUMMY_WALK3	
S_MUMMY_WALK3	SPR_MUMM	2	4	A_Chase	S_MUMMY_WALK4	
S_MUMMY_WALK4	SPR_MUMM	3	4	A_Chase	S_MUMMY_WALK1	
S_MUMMY_ATK1	SPR_MUMM	4	6	A_FaceTarget	S_MUMMY_ATK2	
S_MUMMY_ATK2	SPR_MUMM	5	6	A_MummyAttack	S_MUMMY_ATK3	
S_MUMMY_ATK3	SPR_MUMM	6	6	A_FaceTarget	S_MUMMY_WALK1	
S_MUMMYL_ATK1	SPR_MUMM	23	5	A_FaceTarget	S_MUMMYL_ATK2	
S_MUMMYL_ATK2	SPR_MUMM	32792	5	A_FaceTarget	S_MUMMYL_ATK3	
S_MUMMYL_ATK3	SPR_MUMM	23	5	A_FaceTarget	S_MUMMYL_ATK4	
S_MUMMYL_ATK4	SPR_MUMM	32792	5	A_FaceTarget	S_MUMMYL_ATK5	
S_MUMMYL_ATK5	SPR_MUMM	23	5	A_FaceTarget	S_MUMMYL_ATK6	
S_MUMMYL_ATK6	SPR_MUMM	32792	15	A_MummyAttack2	S_MUMMY_WALK1	
S_MUMMY_PAIN1	SPR_MUMM	7	4	NULL	S_MUMMY_PAIN2	
S_MUMMY_PAIN2	SPR_MUMM	7	4	A_Pain	S_MUMMY_WALK1	
S_MUMMY_DIE1	SPR_MUMM	8	5	NULL	S_MUMMY_DIE2	
S_MUMMY_DIE2	SPR_MUMM	9	5	A_HScream	S_MUMMY_DIE3	
S_MUMMY_DIE3	SPR_MUMM	10	5	A_MummySoul	S_MUMMY_DIE4	
S_MUMMY_DIE4	SPR_MUMM	11	5	NULL	S_MUMMY_DIE5	
S_MUMMY_DIE5	SPR_MUMM	12	5	A_NoBlocking	S_MUMMY_DIE6	
S_MUMMY_DIE6	SPR_MUMM	13	5	NULL	S_MUMMY_DIE7	
S_MUMMY_DIE7	SPR_MUMM	14	5	NULL	S_MUMMY_DIE8	
S_MUMMY_DIE8	SPR_MUMM	15	-1	NULL	S_NULL	
S_MUMMY_SOUL1	SPR_MUMM	16	5	NULL	S_MUMMY_SOUL2	
S_MUMMY_SOUL2	SPR_MUMM	17	5	NULL	S_MUMMY_SOUL3	
S_MUMMY_SOUL3	SPR_MUMM	18	5	NULL	S_MUMMY_SOUL4	
S_MUMMY_SOUL4	SPR_MUMM	19	9	NULL	S_MUMMY_SOUL5	
S_MUMMY_SOUL5	SPR_MUMM	20	5	NULL	S_MUMMY_SOUL6	
S_MUMMY_SOUL6	SPR_MUMM	21	5	NULL	S_MUMMY_SOUL7	
S_MUMMY_SOUL7	SPR_MUMM	22	5	NULL	S_NULL	
S_MUMMYFX1_1	SPR_FX15	32768	5	A_ContMobjSound	S_MUMMYFX1_2	
S_MUMMYFX1_2	SPR_FX15	32769	5	A_MummyFX1Seek	S_MUMMYFX1_3	
S_MUMMYFX1_3	SPR_FX15	32770	5	NULL	S_MUMMYFX1_4	
S_MUMMYFX1_4	SPR_FX15	32769	5	A_MummyFX1Seek	S_MUMMYFX1_1	
S_MUMMYFXI1_1	SPR_FX15	32771	5	NULL	S_MUMMYFXI1_2	
S_MUMMYFXI1_2	SPR_FX15	32772	5	NULL	S_MUMMYFXI1_3	
S_MUMMYFXI1_3	SPR_FX15	32773	5	NULL	S_MUMMYFXI1_4	
S_MUMMYFXI1_4	SPR_FX15	32774	5	NULL	S_NULL	
S_BEAST_LOOK1	SPR_BEAS	0	10	A_Look	S_BEAST_LOOK2	
S_BEAST_LOOK2	SPR_BEAS	1	10	A_Look	S_BEAST_LOOK1	
S_BEAST_WALK1	SPR_BEAS	0	3	A_Chase	S_BEAST_WALK2	
S_BEAST_WALK2	SPR_BEAS	1	3	A_Chase	S_BEAST_WALK3	
S_BEAST_WALK3	SPR_BEAS	2	3	A_Chase	S_BEAST_WALK4	
S_BEAST_WALK4	SPR_BEAS	3	3	A_Chase	S_BEAST_WALK5	
S_BEAST_WALK5	SPR_BEAS	4	3	A_Chase	S_BEAST_WALK6	
S_BEAST_WALK6	SPR_BEAS	5	3	A_Chase	S_BEAST_WALK1	
S_BEAST_ATK1	SPR_BEAS	7	10	A_FaceTarget	S_BEAST_ATK2	
S_BEAST_ATK2	SPR_BEAS	8	10	A_BeastAttack	S_BEAST_WALK1	
S_BEAST_PAIN1	SPR_BEAS	6	3	NULL	S_BEAST_PAIN2	
S_BEAST_PAIN2	SPR_BEAS	6	3	A_Pain	S_BEAST_WALK1	
S_BEAST_DIE1	SPR_BEAS	17	6	NULL	S_BEAST_DIE2	
S_BEAST_DIE2	SPR_BEAS	18	6	A_HScream	S_BEAST_DIE3	
S_BEAST_DIE3	SPR_BEAS	19	6	NULL	S_BEAST_DIE4	
S_BEAST_DIE4	SPR_BEAS	20	6	NULL	S_BEAST_DIE5	
S_BEAST_DIE5	SPR_BEAS	21	6	NULL	S_BEAST_DIE6	
S_BEAST_DIE6	SPR_BEAS	22	6	A_NoBlocking	S_BEAST_DIE7	
S_BEAST_DIE7	SPR_BEAS	23	6	NULL	S_BEAST_DIE8	
S_BEAST_DIE8	SPR_BEAS	24	6	NULL	S_BEAST_DIE9	
S_BEAST_DIE9	SPR_BEAS	25	-1	NULL	S_NULL	
S_BEAST_XDIE1	SPR_BEAS	9	5	NULL	S_BEAST_XDIE2	
S_BEAST_XDIE2	SPR_BEAS	10	6	A_HScream	S_BEAST_XDIE3	
S_BEAST_XDIE3	SPR_BEAS	11	5	NULL	S_BEAST_XDIE4	
S_BEAST_XDIE4	SPR_BEAS	12	6	NULL	S_BEAST_XDIE5	
S_BEAST_XDIE5	SPR_BEAS	13	5	NULL	S_BEAST_XDIE6	
S_BEAST_XDIE6	SPR_BEAS	14	6	A_NoBlocking	S_BEAST_XDIE7	
S_BEAST_XDIE7	SPR_BEAS	15	5	NULL	S_BEAST_XDIE8	
S_BEAST_XDIE8	SPR_BEAS	16	-1	NULL	S_NULL	
S_BEASTBALL1	SPR_FRB1	0	2	A_BeastPuff	S_BEASTBALL2	
S_BEASTBALL2	SPR_FRB1	0	2	A_BeastPuff	S_BEASTBALL3	
S_BEASTBALL3	SPR_FRB1	1	2	A_BeastPuff	S_BEASTBALL4	
S_BEASTBALL4	SPR_FRB1	1	2	A_BeastPuff	S_BEASTBALL5	
S_BEASTBALL5	SPR_FRB1	2	2	A_BeastPuff	S_BEASTBALL6	
S_BEASTBALL6	SPR_FRB1	2	2	A_BeastPuff	S_BEASTBALL1	
S_BEASTBALLX1	SPR_FRB1	3	4	NULL	S_BEASTBALLX2	
S_BEASTBALLX2	SPR_FRB1	4	4	NULL	S_BEASTBALLX3	
S_BEASTBALLX3	SPR_FRB1	5	4	NULL	S_BEASTBALLX4	
S_BEASTBALLX4	SPR_FRB1	6	4	NULL	S_BEASTBALLX5	
S_BEASTBALLX5	SPR_FRB1	7	4	NULL	S_NULL	
S_BURNBALL1	SPR_FRB1	0	4	NULL	S_BURNBALL2	
S_BURNBALL2	SPR_FRB1	1	4	NULL	S_BURNBALL3	
S_BURNBALL3	SPR_FRB1	2	4	NULL	S_BURNBALL4	
S_BURNBALL4	SPR_FRB1	3	4	NULL	S_BURNBALL5	
S_BURNBALL5	SPR_FRB1	4	4	NULL	S_BURNBALL6	
S_BURNBALL6	SPR_FRB1	5	4	NULL	S_BURNBALL7	
S_BURNBALL7	SPR_FRB1	6	4	NULL	S_BURNBALL8	
S_BURNBALL8	SPR_FRB1	7	4	NULL	S_NULL	
S_BURNBALLFB1	SPR_FRB1	32768	4	NULL	S_BURNBALLFB2	
S_BURNBALLFB2	SPR_FRB1	32769	4	NULL	S_BURNBALLFB3	
S_BURNBALLFB3	SPR_FRB1	32770	4	NULL	S_BURNBALLFB4	
S_BURNBALLFB4	SPR_FRB1	32771	4	NULL	S_BURNBALLFB5	
S_BURNBALLFB5	SPR_FRB1	32772	4	NULL	S_BURNBALLFB6	
S_BURNBALLFB6	SPR_FRB1	32773	4	NULL	S_BURNBALLFB7	
S_BURNBALLFB7	SPR_FRB1	32774	4	NULL	S_BURNBALLFB8	
S_BURNBALLFB8	SPR_FRB1	32775	4	NULL	S_NULL	
S_PUFFY1	SPR_FRB1	3	4	NULL	S_PUFFY2	
S_PUFFY2	SPR_FRB1	4	4	NULL	S_PUFFY3	
S_PUFFY3	SPR_FRB1	5	4	NULL	S_PUFFY4	
S_PUFFY4	SPR_FRB1	6	4	NULL	S_PUFFY5	
S_PUFFY5	SPR_FRB1	7	4	NULL	S_NULL	
S_SNAKE_LOOK1	SPR_SNKE	0	10	A_Look	S_SNAKE_LOOK2	
S_SNAKE_LOOK2	SPR_SNKE	1	10	A_Look	S_SNAKE_LOOK1	
S_SNAKE_WALK1	SPR_SNKE	0	4	A_Chase	S_SNAKE_WALK2	
S_SNAKE_WALK2	SPR_SNKE	1	4	A_Chase	S_SNAKE_WALK3	
S_SNAKE_WALK3	SPR_SNKE	2	4	A_Chase	S_SNAKE_WALK4	
S_SNAKE_WALK4	SPR_SNKE	3	4	A_Chase	S_SNAKE_WALK1	
S_SNAKE_ATK1	SPR_SNKE	5	5	A_FaceTarget	S_SNAKE_ATK2	
S_SNAKE_ATK2	SPR_SNKE	5	5	A_FaceTarget	S_SNAKE_ATK3	
S_SNAKE_ATK3	SPR_SNKE	5	4	A_SnakeAttack	S_SNAKE_ATK4	
S_SNAKE_ATK4	SPR_SNKE	5	4	A_SnakeAttack	S_SNAKE_ATK5	
S_SNAKE_ATK5	SPR_SNKE	5	4	A_SnakeAttack	S_SNAKE_ATK6	
S_SNAKE_ATK6	SPR_SNKE	5	5	A_FaceTarget	S_SNAKE_ATK7	
S_SNAKE_ATK7	SPR_SNKE	5	5	A_FaceTarget	S_SNAKE_ATK8	
S_SNAKE_ATK8	SPR_SNKE	5	5	A_FaceTarget	S_SNAKE_ATK9	
S_SNAKE_ATK9	SPR_SNKE	5	4	A_SnakeAttack2	S_SNAKE_WALK1	
S_SNAKE_PAIN1	SPR_SNKE	4	3	NULL	S_SNAKE_PAIN2	
S_SNAKE_PAIN2	SPR_SNKE	4	3	A_Pain	S_SNAKE_WALK1	
S_SNAKE_DIE1	SPR_SNKE	6	5	NULL	S_SNAKE_DIE2	
S_SNAKE_DIE2	SPR_SNKE	7	5	A_HScream	S_SNAKE_DIE3	
S_SNAKE_DIE3	SPR_SNKE	8	5	NULL	S_SNAKE_DIE4	
S_SNAKE_DIE4	SPR_SNKE	9	5	NULL	S_SNAKE_DIE5	
S_SNAKE_DIE5	SPR_SNKE	10	5	NULL	S_SNAKE_DIE6	
S_SNAKE_DIE6	SPR_SNKE	11	5	NULL	S_SNAKE_DIE7	
S_SNAKE_DIE7	SPR_SNKE	12	5	A_NoBlocking	S_SNAKE_DIE8	
S_SNAKE_DIE8	SPR_SNKE	13	5	NULL	S_SNAKE_DIE9	
S_SNAKE_DIE9	SPR_SNKE	14	5	NULL	S_SNAKE_DIE10	
S_SNAKE_DIE10	SPR_SNKE	15	-1	NULL	S_NULL	
S_SNAKEPRO_A1	SPR_SNFX	32768	5	NULL	S_SNAKEPRO_A2	
S_SNAKEPRO_A2	SPR_SNFX	32769	5	NULL	S_SNAKEPRO_A3	
S_SNAKEPRO_A3	SPR_SNFX	32770	5	NULL	S_SNAKEPRO_A4	
S_SNAKEPRO_A4	SPR_SNFX	32771	5	NULL	S_SNAKEPRO_A1	
S_SNAKEPRO_AX1	SPR_SNFX	32772	5	NULL	S_SNAKEPRO_AX2	
S_SNAKEPRO_AX2	SPR_SNFX	32773	5	NULL	S_SNAKEPRO_AX3	
S_SNAKEPRO_AX3	SPR_SNFX	32774	4	NULL	S_SNAKEPRO_AX4	
S_SNAKEPRO_AX4	SPR_SNFX	32775	3	NULL	S_SNAKEPRO_AX5	
S_SNAKEPRO_AX5	SPR_SNFX	32776	3	NULL	S_NULL	
S_SNAKEPRO_B1	SPR_SNFX	32777	6	NULL	S_SNAKEPRO_B2	
S_SNAKEPRO_B2	SPR_SNFX	32778	6	NULL	S_SNAKEPRO_B1	
S_SNAKEPRO_BX1	SPR_SNFX	32779	5	NULL	S_SNAKEPRO_BX2	
S_SNAKEPRO_BX2	SPR_SNFX	32780	5	NULL	S_SNAKEPRO_BX3	
S_SNAKEPRO_BX3	SPR_SNFX	32781	4	NULL	S_SNAKEPRO_BX4	
S_SNAKEPRO_BX4	SPR_SNFX	32782	3	NULL	S_NULL	
S_HEAD_LOOK	SPR_HHEAD	0	10	A_Look	S_HHEAD_LOOK	
S_HEAD_FLOAT	SPR_HHEAD	0	4	A_Chase	S_HHEAD_FLOAT	
S_HEAD_ATK1	SPR_HHEAD	0	5	A_FaceTarget	S_HHEAD_ATK2	
S_HEAD_ATK2	SPR_HHEAD	1	20	A_HHeadAttack	S_HHEAD_FLOAT	
S_HEAD_PAIN1	SPR_HHEAD	0	4	NULL	S_HHEAD_PAIN2	
S_HEAD_PAIN2	SPR_HHEAD	0	4	A_Pain	S_HHEAD_FLOAT	
S_HEAD_DIE1	SPR_HHEAD	2	7	NULL	S_HHEAD_DIE2	
S_HEAD_DIE2	SPR_HHEAD	3	7	A_HScream	S_HHEAD_DIE3	
S_HEAD_DIE3	SPR_HHEAD	4	7	NULL	S_HHEAD_DIE4	
S_HEAD_DIE4	SPR_HHEAD	5	7	NULL	S_HHEAD_DIE5	
S_HEAD_DIE5	SPR_HHEAD	6	7	A_NoBlocking	S_HHEAD_DIE6	
S_HEAD_DIE6	SPR_HHEAD	7	7	NULL	S_HHEAD_DIE7	
S_HEAD_DIE7	SPR_HHEAD	8	-1	A_HBossDeath	S_NULL	
S_HEADFX1_1	SPR_FX05	0	6	NULL	S_HHEADFX1_2	
S_HEADFX1_2	SPR_FX05	1	6	NULL	S_HHEADFX1_3	
S_HEADFX1_3	SPR_FX05	2	6	NULL	S_HHEADFX1_1	
S_HEADFXI1_1	SPR_FX05	3	5	A_HeadIceImpact	S_HHEADFXI1_2	
S_HEADFXI1_2	SPR_FX05	4	5	NULL	S_HHEADFXI1_3	
S_HEADFXI1_3	SPR_FX05	5	5	NULL	S_HHEADFXI1_4	
S_HEADFXI1_4	SPR_FX05	6	5	NULL	S_NULL	
S_HEADFX2_1	SPR_FX05	7	6	NULL	S_HHEADFX2_2	
S_HEADFX2_2	SPR_FX05	8	6	NULL	S_HHEADFX2_3	
S_HEADFX2_3	SPR_FX05	9	6	NULL	S_HHEADFX2_1	
S_HEADFXI2_1	SPR_FX05	3	5	NULL	S_HHEADFXI2_2	
S_HEADFXI2_2	SPR_FX05	4	5	NULL	S_HHEADFXI2_3	
S_HEADFXI2_3	SPR_FX05	5	5	NULL	S_HHEADFXI2_4	
S_HEADFXI2_4	SPR_FX05	6	5	NULL	S_NULL	
S_HEADFX3_1	SPR_FX06	0	4	A_HeadFireGrow	S_HHEADFX3_2	
S_HEADFX3_2	SPR_FX06	1	4	A_HeadFireGrow	S_HHEADFX3_3	
S_HEADFX3_3	SPR_FX06	2	4	A_HeadFireGrow	S_HHEADFX3_1	
S_HEADFX3_4	SPR_FX06	0	5	NULL	S_HHEADFX3_5	
S_HEADFX3_5	SPR_FX06	1	5	NULL	S_HHEADFX3_6	
S_HEADFX3_6	SPR_FX06	2	5	NULL	S_HHEADFX3_4	
S_HEADFXI3_1	SPR_FX06	3	5	NULL	S_HHEADFXI3_2	
S_HEADFXI3_2	SPR_FX06	4	5	NULL	S_HHEADFXI3_3	
S_HEADFXI3_3	SPR_FX06	5	5	NULL	S_HHEADFXI3_4	
S_HEADFXI3_4	SPR_FX06	6	5	NULL	S_NULL	
S_HEADFX4_1	SPR_FX07	3	3	NULL	S_HHEADFX4_2	
S_HEADFX4_2	SPR_FX07	4	3	NULL	S_HHEADFX4_3	
S_HEADFX4_3	SPR_FX07	5	3	NULL	S_HHEADFX4_4	
S_HEADFX4_4	SPR_FX07	6	3	NULL	S_HHEADFX4_5	
S_HEADFX4_5	SPR_FX07	0	3	A_WhirlwindSeek	S_HHEADFX4_6	
S_HEADFX4_6	SPR_FX07	1	3	A_WhirlwindSeek	S_HHEADFX4_7	
S_HEADFX4_7	SPR_FX07	2	3	A_WhirlwindSeek	S_HHEADFX4_5	
S_HEADFXI4_1	SPR_FX07	6	4	NULL	S_HHEADFXI4_2	
S_HEADFXI4_2	SPR_FX07	5	4	NULL	S_HHEADFXI4_3	
S_HEADFXI4_3	SPR_FX07	4	4	NULL	S_HHEADFXI4_4	
S_HEADFXI4_4	SPR_FX07	3	4	NULL	S_NULL	
S_CLINK_LOOK1	SPR_CLNK	0	10	A_Look	S_CLINK_LOOK2	
S_CLINK_LOOK2	SPR_CLNK	1	10	A_Look	S_CLINK_LOOK1	
S_CLINK_WALK1	SPR_CLNK	0	3	A_Chase	S_CLINK_WALK2	
S_CLINK_WALK2	SPR_CLNK	1	3	A_Chase	S_CLINK_WALK3	
S_CLINK_WALK3	SPR_CLNK	2	3	A_Chase	S_CLINK_WALK4	
S_CLINK_WALK4	SPR_CLNK	3	3	A_Chase	S_CLINK_WALK1	
S_CLINK_ATK1	SPR_CLNK	4	5	A_FaceTarget	S_CLINK_ATK2	
S_CLINK_ATK2	SPR_CLNK	5	4	A_FaceTarget	S_CLINK_ATK3	
S_CLINK_ATK3	SPR_CLNK	6	7	A_ClinkAttack	S_CLINK_WALK1	
S_CLINK_PAIN1	SPR_CLNK	7	3	NULL	S_CLINK_PAIN2	
S_CLINK_PAIN2	SPR_CLNK	7	3	A_Pain	S_CLINK_WALK1	
S_CLINK_DIE1	SPR_CLNK	8	6	NULL	S_CLINK_DIE2	
S_CLINK_DIE2	SPR_CLNK	9	6	NULL	S_CLINK_DIE3	
S_CLINK_DIE3	SPR_CLNK	10	5	A_HScream	S_CLINK_DIE4	
S_CLINK_DIE4	SPR_CLNK	11	5	A_NoBlocking	S_CLINK_DIE5	
S_CLINK_DIE5	SPR_CLNK	12	5	NULL	S_CLINK_DIE6	
S_CLINK_DIE6	SPR_CLNK	13	5	NULL	S_CLINK_DIE7	
S_CLINK_DIE7	SPR_CLNK	14	-1	NULL	S_NULL	
S_WIZARD_LOOK1	SPR_WZRD	0	10	A_Look	S_WIZARD_LOOK2	
S_WIZARD_LOOK2	SPR_WZRD	1	10	A_Look	S_WIZARD_LOOK1	
S_WIZARD_WALK1	SPR_WZRD	0	3	A_Chase	S_WIZARD_WALK2	
S_WIZARD_WALK2	SPR_WZRD	0	4	A_Chase	S_WIZARD_WALK3	
S_WIZARD_WALK3	SPR_WZRD	0	3	A_Chase	S_WIZARD_WALK4	
S_WIZARD_WALK4	SPR_WZRD	0	4	A_Chase	S_WIZARD_WALK5	
S_WIZARD_WALK5	SPR_WZRD	1	3	A_Chase	S_WIZARD_WALK6	
S_WIZARD_WALK6	SPR_WZRD	1	4	A_Chase	S_WIZARD_WALK7	
S_WIZARD_WALK7	SPR_WZRD	1	3	A_Chase	S_WIZARD_WALK8	
S_WIZARD_WALK8	SPR_WZRD	1	4	A_Chase	S_WIZARD_WALK1	
S_WIZARD_ATK1	SPR_WZRD	2	4	A_WizAtk1	S_WIZARD_ATK2	
S_WIZARD_ATK2	SPR_WZRD	2	4	A_WizAtk2	S_WIZARD_ATK3	
S_WIZARD_ATK3	SPR_WZRD	2	4	A_WizAtk1	S_WIZARD_ATK4	
S_WIZARD_ATK4	SPR_WZRD	2	4	A_WizAtk2	S_WIZARD_ATK5	
S_WIZARD_ATK5	SPR_WZRD	2	4	A_WizAtk1	S_WIZARD_ATK6	
S_WIZARD_ATK6	SPR_WZRD	2	4	A_WizAtk2	S_WIZARD_ATK7	
S_WIZARD_ATK7	SPR_WZRD	2	4	A_WizAtk1	S_WIZARD_ATK8	
S_WIZARD_ATK8	SPR_WZRD	2	4	A_WizAtk2	S_WIZARD_ATK9	
S_WIZARD_ATK9	SPR_WZRD	3	12	A_WizAtk3	S_WIZARD_WALK1	
S_WIZARD_PAIN1	SPR_WZRD	4	3	A_GhostOff	S_WIZARD_PAIN2	
S_WIZARD_PAIN2	SPR_WZRD	4	3	A_Pain	S_WIZARD_WALK1	
S_WIZARD_DIE1	SPR_WZRD	5	6	A_GhostOff	S_WIZARD_DIE2	
S_WIZARD_DIE2	SPR_WZRD	6	6	A_HScream	S_WIZARD_DIE3	
S_WIZARD_DIE3	SPR_WZRD	7	6	NULL	S_WIZARD_DIE4	
S_WIZARD_DIE4	SPR_WZRD	8	6	NULL	S_WIZARD_DIE5	
S_WIZARD_DIE5	SPR_WZRD	9	6	A_NoBlocking	S_WIZARD_DIE6	
S_WIZARD_DIE6	SPR_WZRD	10	6	NULL	S_WIZARD_DIE7	
S_WIZARD_DIE7	SPR_WZRD	11	6	NULL	S_WIZARD_DIE8	
S_WIZARD_DIE8	SPR_WZRD	12	-1	NULL	S_NULL	
S_WIZFX1_1	SPR_FX11	32768	6	NULL	S_WIZFX1_2	
S_WIZFX1_2	SPR_FX11	32769	6	NULL	S_WIZFX1_1	
S_WIZFXI1_1	SPR_FX11	32770	5	NULL	S_WIZFXI1_2	
S_WIZFXI1_2	SPR_FX11	32771	5	NULL	S_WIZFXI1_3	
S_WIZFXI1_3	SPR_FX11	32772	5	NULL	S_WIZFXI1_4	
S_WIZFXI1_4	SPR_FX11	32773	5	NULL	S_WIZFXI1_5	
S_WIZFXI1_5	SPR_FX11	32774	5	NULL	S_NULL	
S_IMP_LOOK1	SPR_IMPX	0	10	A_Look	S_IMP_LOOK2	
S_IMP_LOOK2	SPR_IMPX	1	10	A_Look	S_IMP_LOOK3	
S_IMP_LOOK3	SPR_IMPX	2	10	A_Look	S_IMP_LOOK4	
S_IMP_LOOK4	SPR_IMPX	1	10	A_Look	S_IMP_LOOK1	
S_IMP_FLY1	SPR_IMPX	0	3	A_Chase	S_IMP_FLY2	
S_IMP_FLY2	SPR_IMPX	0	3	A_Chase	S_IMP_FLY3	
S_IMP_FLY3	SPR_IMPX	1	3	A_Chase	S_IMP_FLY4	
S_IMP_FLY4	SPR_IMPX	1	3	A_Chase	S_IMP_FLY5	
S_IMP_FLY5	SPR_IMPX	2	3	A_Chase	S_IMP_FLY6	
S_IMP_FLY6	SPR_IMPX	2	3	A_Chase	S_IMP_FLY7	
S_IMP_FLY7	SPR_IMPX	1	3	A_Chase	S_IMP_FLY8	
S_IMP_FLY8	SPR_IMPX	1	3	A_Chase	S_IMP_FLY1	
S_IMP_MEATK1	SPR_IMPX	3	6	A_FaceTarget	S_IMP_MEATK2	
S_IMP_MEATK2	SPR_IMPX	4	6	A_FaceTarget	S_IMP_MEATK3	
S_IMP_MEATK3	SPR_IMPX	5	6	A_ImpMeAttack	S_IMP_FLY1	
S_IMP_MSATK1_1	SPR_IMPX	0	10	A_FaceTarget	S_IMP_MSATK1_2	
S_IMP_MSATK1_2	SPR_IMPX	1	6	A_ImpMsAttack	S_IMP_MSATK1_3	
S_IMP_MSATK1_3	SPR_IMPX	2	6	NULL	S_IMP_MSATK1_4	
S_IMP_MSATK1_4	SPR_IMPX	1	6	NULL	S_IMP_MSATK1_5	
S_IMP_MSATK1_5	SPR_IMPX	0	6	NULL	S_IMP_MSATK1_6	
S_IMP_MSATK1_6	SPR_IMPX	1	6	NULL	S_IMP_MSATK1_3	
S_IMP_MSATK2_1	SPR_IMPX	3	6	A_FaceTarget	S_IMP_MSATK2_2	
S_IMP_MSATK2_2	SPR_IMPX	4	6	A_FaceTarget	S_IMP_MSATK2_3	
S_IMP_MSATK2_3	SPR_IMPX	5	6	A_ImpMsAttack2	S_IMP_FLY1	
S_IMP_PAIN1	SPR_IMPX	6	3	NULL	S_IMP_PAIN2	
S_IMP_PAIN2	SPR_IMPX	6	3	A_Pain	S_IMP_FLY1	
S_IMP_DIE1	SPR_IMPX	6	4	A_ImpDeath	S_IMP_DIE2	
S_IMP_DIE2	SPR_IMPX	7	5	NULL	S_IMP_DIE2	
S_IMP_XDIE1	SPR_IMPX	18	5	A_ImpXDeath1	S_IMP_XDIE2	
S_IMP_XDIE2	SPR_IMPX	19	5	NULL	S_IMP_XDIE3	
S_IMP_XDIE3	SPR_IMPX	20	5	NULL	S_IMP_XDIE4	
S_IMP_XDIE4	SPR_IMPX	21	5	A_ImpXDeath2	S_IMP_XDIE5	
S_IMP_XDIE5	SPR_IMPX	22	5	NULL	S_IMP_XDIE5	
S_IMP_CRASH1	SPR_IMPX	8	7	A_ImpExplode	S_IMP_CRASH2	
S_IMP_CRASH2	SPR_IMPX	9	7	A_HScream	S_IMP_CRASH3	
S_IMP_CRASH3	SPR_IMPX	10	7	NULL	S_IMP_CRASH4	
S_IMP_CRASH4	SPR_IMPX	11	-1	NULL	S_NULL	
S_IMP_XCRASH1	SPR_IMPX	23	7	NULL	S_IMP_XCRASH2	
S_IMP_XCRASH2	SPR_IMPX	24	7	NULL	S_IMP_XCRASH3	
S_IMP_XCRASH3	SPR_IMPX	25	-1	NULL	S_NULL	
S_IMP_CHUNKA1	SPR_IMPX	12	5	NULL	S_IMP_CHUNKA2	
S_IMP_CHUNKA2	SPR_IMPX	13	700	NULL	S_IMP_CHUNKA3	
S_IMP_CHUNKA3	SPR_IMPX	14	700	NULL	S_NULL	
S_IMP_CHUNKB1	SPR_IMPX	15	5	NULL	S_IMP_CHUNKB2	
S_IMP_CHUNKB2	SPR_IMPX	16	700	NULL	S_IMP_CHUNKB3	
S_IMP_CHUNKB3	SPR_IMPX	17	700	NULL	S_NULL	
S_IMPFX1	SPR_FX10	32768	6	NULL	S_IMPFX2	
S_IMPFX2	SPR_FX10	32769	6	NULL	S_IMPFX3	
S_IMPFX3	SPR_FX10	32770	6	NULL	S_IMPFX1	
S_IMPFXI1	SPR_FX10	32771	5	NULL	S_IMPFXI2	
S_IMPFXI2	SPR_FX10	32772	5	NULL	S_IMPFXI3	
S_IMPFXI3	SPR_FX10	32773	5	NULL	S_IMPFXI4	
S_IMPFXI4	SPR_FX10	32774	5	NULL	S_NULL	
S_KNIGHT_STND1	SPR_KNIG	0	10	A_Look	S_KNIGHT_STND2	
S_KNIGHT_STND2	SPR_KNIG	1	10	A_Look	S_KNIGHT_STND1	
S_KNIGHT_WALK1	SPR_KNIG	0	4	A_Chase	S_KNIGHT_WALK2	
S_KNIGHT_WALK2	SPR_KNIG	1	4	A_Chase	S_KNIGHT_WALK3	
S_KNIGHT_WALK3	SPR_KNIG	2	4	A_Chase	S_KNIGHT_WALK4	
S_KNIGHT_WALK4	SPR_KNIG	3	4	A_Chase	S_KNIGHT_WALK1	
S_KNIGHT_ATK1	SPR_KNIG	4	10	A_FaceTarget	S_KNIGHT_ATK2	
S_KNIGHT_ATK2	SPR_KNIG	5	8	A_FaceTarget	S_KNIGHT_ATK3	
S_KNIGHT_ATK3	SPR_KNIG	6	8	A_KnightAttack	S_KNIGHT_ATK4	
S_KNIGHT_ATK4	SPR_KNIG	4	10	A_FaceTarget	S_KNIGHT_ATK5	
S_KNIGHT_ATK5	SPR_KNIG	5	8	A_FaceTarget	S_KNIGHT_ATK6	
S_KNIGHT_ATK6	SPR_KNIG	6	8	A_KnightAttack	S_KNIGHT_WALK1	
S_KNIGHT_PAIN1	SPR_KNIG	7	3	NULL	S_KNIGHT_PAIN2	
S_KNIGHT_PAIN2	SPR_KNIG	7	3	A_Pain	S_KNIGHT_WALK1	
S_KNIGHT_DIE1	SPR_KNIG	8	6	NULL	S_KNIGHT_DIE2	
S_KNIGHT_DIE2	SPR_KNIG	9	6	A_HScream	S_KNIGHT_DIE3	
S_KNIGHT_DIE3	SPR_KNIG	10	6	NULL	S_KNIGHT_DIE4	
S_KNIGHT_DIE4	SPR_KNIG	11	6	A_NoBlocking	S_KNIGHT_DIE5	
S_KNIGHT_DIE5	SPR_KNIG	12	6	NULL	S_KNIGHT_DIE6	
S_KNIGHT_DIE6	SPR_KNIG	13	6	NULL	S_KNIGHT_DIE7	
S_KNIGHT_DIE7	SPR_KNIG	14	-1	NULL	S_NULL	
S_SPINAXE1	SPR_SPAX	32768	3	A_ContMobjSound	S_SPINAXE2	
S_SPINAXE2	SPR_SPAX	32769	3	NULL	S_SPINAXE3	
S_SPINAXE3	SPR_SPAX	32770	3	NULL	S_SPINAXE1	
S_SPINAXEX1	SPR_SPAX	32771	6	NULL	S_SPINAXEX2	
S_SPINAXEX2	SPR_SPAX	32772	6	NULL	S_SPINAXEX3	
S_SPINAXEX3	SPR_SPAX	32773	6	NULL	S_NULL	
S_REDAXE1	SPR_RAXE	32768	5	A_DripBlood	S_REDAXE2	
S_REDAXE2	SPR_RAXE	32769	5	A_DripBlood	S_REDAXE1	
S_REDAXEX1	SPR_RAXE	32770	6	NULL	S_REDAXEX2	
S_REDAXEX2	SPR_RAXE	32771	6	NULL	S_REDAXEX3	
S_REDAXEX3	SPR_RAXE	32772	6	NULL	S_NULL	
S_SRCR1_LOOK1	SPR_SRCR	0	10	A_Look	S_SRCR1_LOOK2	
S_SRCR1_LOOK2	SPR_SRCR	1	10	A_Look	S_SRCR1_LOOK1	
S_SRCR1_WALK1	SPR_SRCR	0	5	A_Sor1Chase	S_SRCR1_WALK2	
S_SRCR1_WALK2	SPR_SRCR	1	5	A_Sor1Chase	S_SRCR1_WALK3	
S_SRCR1_WALK3	SPR_SRCR	2	5	A_Sor1Chase	S_SRCR1_WALK4	
S_SRCR1_WALK4	SPR_SRCR	3	5	A_Sor1Chase	S_SRCR1_WALK1	
S_SRCR1_PAIN1	SPR_SRCR	16	6	A_Sor1Pain	S_SRCR1_WALK1	
S_SRCR1_ATK1	SPR_SRCR	16	7	A_FaceTarget	S_SRCR1_ATK2	
S_SRCR1_ATK2	SPR_SRCR	17	6	A_FaceTarget	S_SRCR1_ATK3	
S_SRCR1_ATK3	SPR_SRCR	18	10	A_Srcr1Attack	S_SRCR1_WALK1	
S_SRCR1_ATK4	SPR_SRCR	18	10	A_FaceTarget	S_SRCR1_ATK5	
S_SRCR1_ATK5	SPR_SRCR	16	7	A_FaceTarget	S_SRCR1_ATK6	
S_SRCR1_ATK6	SPR_SRCR	17	6	A_FaceTarget	S_SRCR1_ATK7	
S_SRCR1_ATK7	SPR_SRCR	18	10	A_Srcr1Attack	S_SRCR1_WALK1	
S_SRCR1_DIE1	SPR_SRCR	4	7	NULL	S_SRCR1_DIE2	
S_SRCR1_DIE2	SPR_SRCR	5	7	A_HScream	S_SRCR1_DIE3	
S_SRCR1_DIE3	SPR_SRCR	6	7	NULL	S_SRCR1_DIE4	
S_SRCR1_DIE4	SPR_SRCR	7	6	NULL	S_SRCR1_DIE5	
S_SRCR1_DIE5	SPR_SRCR	8	6	NULL	S_SRCR1_DIE6	
S_SRCR1_DIE6	SPR_SRCR	9	6	NULL	S_SRCR1_DIE7	
S_SRCR1_DIE7	SPR_SRCR	10	6	NULL	S_SRCR1_DIE8	
S_SRCR1_DIE8	SPR_SRCR	11	25	A_SorZap	S_SRCR1_DIE9	
S_SRCR1_DIE9	SPR_SRCR	12	5	NULL	S_SRCR1_DIE10	
S_SRCR1_DIE10	SPR_SRCR	13	5	NULL	S_SRCR1_DIE11	
S_SRCR1_DIE11	SPR_SRCR	14	4	NULL	S_SRCR1_DIE12	
S_SRCR1_DIE12	SPR_SRCR	11	20	A_SorZap	S_SRCR1_DIE13	
S_SRCR1_DIE13	SPR_SRCR	12	5	NULL	S_SRCR1_DIE14	
S_SRCR1_DIE14	SPR_SRCR	13	5	NULL	S_SRCR1_DIE15	
S_SRCR1_DIE15	SPR_SRCR	14	4	NULL	S_SRCR1_DIE16	
S_SRCR1_DIE16	SPR_SRCR	11	12	NULL	S_SRCR1_DIE17	
S_SRCR1_DIE17	SPR_SRCR	15	-1	A_SorcererRise	S_NULL	
S_SRCRFX1_1	SPR_FX14	32768	6	NULL	S_SRCRFX1_2	
S_SRCRFX1_2	SPR_FX14	32769	6	NULL	S_SRCRFX1_3	
S_SRCRFX1_3	SPR_FX14	32770	6	NULL	S_SRCRFX1_1	
S_SRCRFXI1_1	SPR_FX14	32771	5	NULL	S_SRCRFXI1_2	
S_SRCRFXI1_2	SPR_FX14	32772	5	NULL	S_SRCRFXI1_3	
S_SRCRFXI1_3	SPR_FX14	32773	5	NULL	S_SRCRFXI1_4	
S_SRCRFXI1_4	SPR_FX14	32774	5	NULL	S_SRCRFXI1_5	
S_SRCRFXI1_5	SPR_FX14	32775	5	NULL	S_NULL	
S_SOR2_RISE1	SPR_SOR2	0	4	NULL	S_SOR2_RISE2	
S_SOR2_RISE2	SPR_SOR2	1	4	NULL	S_SOR2_RISE3	
S_SOR2_RISE3	SPR_SOR2	2	4	A_SorRise	S_SOR2_RISE4	
S_SOR2_RISE4	SPR_SOR2	3	4	NULL	S_SOR2_RISE5	
S_SOR2_RISE5	SPR_SOR2	4	4	NULL	S_SOR2_RISE6	
S_SOR2_RISE6	SPR_SOR2	5	4	NULL	S_SOR2_RISE7	
S_SOR2_RISE7	SPR_SOR2	6	12	A_SorSightSnd	S_SOR2_WALK1	
S_SOR2_LOOK1	SPR_SOR2	12	10	A_Look	S_SOR2_LOOK2	
S_SOR2_LOOK2	SPR_SOR2	13	10	A_Look	S_SOR2_LOOK1	
S_SOR2_WALK1	SPR_SOR2	12	4	A_Chase	S_SOR2_WALK2	
S_SOR2_WALK2	SPR_SOR2	13	4	A_Chase	S_SOR2_WALK3	
S_SOR2_WALK3	SPR_SOR2	14	4	A_Chase	S_SOR2_WALK4	
S_SOR2_WALK4	SPR_SOR2	15	4	A_Chase	S_SOR2_WALK1	
S_SOR2_PAIN1	SPR_SOR2	16	3	NULL	S_SOR2_PAIN2	
S_SOR2_PAIN2	SPR_SOR2	16	6	A_Pain	S_SOR2_WALK1	
S_SOR2_ATK1	SPR_SOR2	17	9	A_Srcr2Decide	S_SOR2_ATK2	
S_SOR2_ATK2	SPR_SOR2	18	9	A_FaceTarget	S_SOR2_ATK3	
S_SOR2_ATK3	SPR_SOR2	19	20	A_Srcr2Attack	S_SOR2_WALK1	
S_SOR2_TELE1	SPR_SOR2	11	6	NULL	S_SOR2_TELE2	
S_SOR2_TELE2	SPR_SOR2	10	6	NULL	S_SOR2_TELE3	
S_SOR2_TELE3	SPR_SOR2	9	6	NULL	S_SOR2_TELE4	
S_SOR2_TELE4	SPR_SOR2	8	6	NULL	S_SOR2_TELE5	
S_SOR2_TELE5	SPR_SOR2	7	6	NULL	S_SOR2_TELE6	
S_SOR2_TELE6	SPR_SOR2	6	6	NULL	S_SOR2_WALK1	
S_SOR2_DIE1	SPR_SDTH	0	8	A_Sor2DthInit	S_SOR2_DIE2	
S_SOR2_DIE2	SPR_SDTH	1	8	NULL	S_SOR2_DIE3	
S_SOR2_DIE3	SPR_SDTH	2	8	A_SorDSph	S_SOR2_DIE4	
S_SOR2_DIE4	SPR_SDTH	3	7	NULL	S_SOR2_DIE5	
S_SOR2_DIE5	SPR_SDTH	4	7	NULL	S_SOR2_DIE6	
S_SOR2_DIE6	SPR_SDTH	5	7	A_Sor2DthLoop	S_SOR2_DIE7	
S_SOR2_DIE7	SPR_SDTH	6	6	A_SorDExp	S_SOR2_DIE8	
S_SOR2_DIE8	SPR_SDTH	7	6	NULL	S_SOR2_DIE9	
S_SOR2_DIE9	SPR_SDTH	8	18	NULL	S_SOR2_DIE10	
S_SOR2_DIE10	SPR_SDTH	9	6	A_NoBlocking	S_SOR2_DIE11	
S_SOR2_DIE11	SPR_SDTH	10	6	A_SorDBon	S_SOR2_DIE12	
S_SOR2_DIE12	SPR_SDTH	11	6	NULL	S_SOR2_DIE13	
S_SOR2_DIE13	SPR_SDTH	12	6	NULL	S_SOR2_DIE14	
S_SOR2_DIE14	SPR_SDTH	13	6	NULL	S_SOR2_DIE15	
S_SOR2_DIE15	SPR_SDTH	14	-1	A_HBossDeath	S_NULL	
S_SOR2FX1_1	SPR_FX16	32768	3	A_BlueSpark	S_SOR2FX1_2	
S_SOR2FX1_2	SPR_FX16	32769	3	A_BlueSpark	S_SOR2FX1_3	
S_SOR2FX1_3	SPR_FX16	32770	3	A_BlueSpark	S_SOR2FX1_1	
S_SOR2FXI1_1	SPR_FX16	32774	5	A_Explode	S_SOR2FXI1_2	
S_SOR2FXI1_2	SPR_FX16	32775	5	NULL	S_SOR2FXI1_3	
S_SOR2FXI1_3	SPR_FX16	32776	5	NULL	S_SOR2FXI1_4	
S_SOR2FXI1_4	SPR_FX16	32777	5	NULL	S_SOR2FXI1_5	
S_SOR2FXI1_5	SPR_FX16	32778	5	NULL	S_SOR2FXI1_6	
S_SOR2FXI1_6	SPR_FX16	32779	5	NULL	S_NULL	
S_SOR2FXSPARK1	SPR_FX16	32771	12	NULL	S_SOR2FXSPARK2	
S_SOR2FXSPARK2	SPR_FX16	32772	12	NULL	S_SOR2FXSPARK3	
S_SOR2FXSPARK3	SPR_FX16	32773	12	NULL	S_NULL	
S_SOR2FX2_1	SPR_FX11	32768	35	NULL	S_SOR2FX2_2	
S_SOR2FX2_2	SPR_FX11	32768	5	A_GenWizard	S_SOR2FX2_3	
S_SOR2FX2_3	SPR_FX11	32769	5	NULL	S_SOR2FX2_2	
S_SOR2FXI2_1	SPR_FX11	32770	5	NULL	S_SOR2FXI2_2	
S_SOR2FXI2_2	SPR_FX11	32771	5	NULL	S_SOR2FXI2_3	
S_SOR2FXI2_3	SPR_FX11	32772	5	NULL	S_SOR2FXI2_4	
S_SOR2FXI2_4	SPR_FX11	32773	5	NULL	S_SOR2FXI2_5	
S_SOR2FXI2_5	SPR_FX11	32774	5	NULL	S_NULL	
S_SOR2TELEFADE1	SPR_SOR2	6	8	NULL	S_SOR2TELEFADE2	
S_SOR2TELEFADE2	SPR_SOR2	7	6	NULL	S_SOR2TELEFADE3	
S_SOR2TELEFADE3	SPR_SOR2	8	6	NULL	S_SOR2TELEFADE4	
S_SOR2TELEFADE4	SPR_SOR2	9	6	NULL	S_SOR2TELEFADE5	
S_SOR2TELEFADE5	SPR_SOR2	10	6	NULL	S_SOR2TELEFADE6	
S_SOR2TELEFADE6	SPR_SOR2	11	6	NULL	S_NULL	
S_MNTR_LOOK1	SPR_MNTR	0	10	A_Look	S_MNTR_LOOK2	
S_MNTR_LOOK2	SPR_MNTR	1	10	A_Look	S_MNTR_LOOK1	
S_MNTR_WALK1	SPR_MNTR	0	5	A_Chase	S_MNTR_WALK2	
S_MNTR_WALK2	SPR_MNTR	1	5	A_Chase	S_MNTR_WALK3	
S_MNTR_WALK3	SPR_MNTR	2	5	A_Chase	S_MNTR_WALK4	
S_MNTR_WALK4	SPR_MNTR	3	5	A_Chase	S_MNTR_WALK1	
S_MNTR_ATK1_1	SPR_MNTR	21	10	A_FaceTarget	S_MNTR_ATK1_2	
S_MNTR_ATK1_2	SPR_MNTR	22	7	A_FaceTarget	S_MNTR_ATK1_3	
S_MNTR_ATK1_3	SPR_MNTR	23	12	A_MinotaurAtk1	S_MNTR_WALK1	
S_MNTR_ATK2_1	SPR_MNTR	21	10	A_MinotaurDecide	S_MNTR_ATK2_2	
S_MNTR_ATK2_2	SPR_MNTR	24	4	A_FaceTarget	S_MNTR_ATK2_3	
S_MNTR_ATK2_3	SPR_MNTR	25	9	A_MinotaurAtk2	S_MNTR_WALK1	
S_MNTR_ATK3_1	SPR_MNTR	21	10	A_FaceTarget	S_MNTR_ATK3_2	
S_MNTR_ATK3_2	SPR_MNTR	22	7	A_FaceTarget	S_MNTR_ATK3_3	
S_MNTR_ATK3_3	SPR_MNTR	23	12	A_MinotaurAtk3	S_MNTR_WALK1	
S_MNTR_ATK3_4	SPR_MNTR	23	12	NULL	S_MNTR_ATK3_1	
S_MNTR_ATK4_1	SPR_MNTR	20	2	A_MinotaurCharge	S_MNTR_ATK4_1	
S_MNTR_PAIN1	SPR_MNTR	4	3	NULL	S_MNTR_PAIN2	
S_MNTR_PAIN2	SPR_MNTR	4	6	A_Pain	S_MNTR_WALK1	
S_MNTR_DIE1	SPR_MNTR	5	6	NULL	S_MNTR_DIE2	
S_MNTR_DIE2	SPR_MNTR	6	5	NULL	S_MNTR_DIE3	
S_MNTR_DIE3	SPR_MNTR	7	6	A_HScream	S_MNTR_DIE4	
S_MNTR_DIE4	SPR_MNTR	8	5	NULL	S_MNTR_DIE5	
S_MNTR_DIE5	SPR_MNTR	9	6	NULL	S_MNTR_DIE6	
S_MNTR_DIE6	SPR_MNTR	10	5	NULL	S_MNTR_DIE7	
S_MNTR_DIE7	SPR_MNTR	11	6	NULL	S_MNTR_DIE8	
S_MNTR_DIE8	SPR_MNTR	12	5	A_NoBlocking	S_MNTR_DIE9	
S_MNTR_DIE9	SPR_MNTR	13	6	NULL	S_MNTR_DIE10	
S_MNTR_DIE10	SPR_MNTR	14	5	NULL	S_MNTR_DIE11	
S_MNTR_DIE11	SPR_MNTR	15	6	NULL	S_MNTR_DIE12	
S_MNTR_DIE12	SPR_MNTR	16	5	NULL	S_MNTR_DIE13	
S_MNTR_DIE13	SPR_MNTR	17	6	NULL	S_MNTR_DIE14	
S_MNTR_DIE14	SPR_MNTR	18	5	NULL	S_MNTR_DIE15	
S_MNTR_DIE15	SPR_MNTR	19	-1	A_HBossDeath	S_NULL	
S_MNTRFX1_1	SPR_FX12	32768	6	NULL	S_MNTRFX1_2	
S_MNTRFX1_2	SPR_FX12	32769	6	NULL	S_MNTRFX1_1	
S_MNTRFXI1_1	SPR_FX12	32770	5	NULL	S_MNTRFXI1_2	
S_MNTRFXI1_2	SPR_FX12	32771	5	NULL	S_MNTRFXI1_3	
S_MNTRFXI1_3	SPR_FX12	32772	5	NULL	S_MNTRFXI1_4	
S_MNTRFXI1_4	SPR_FX12	32773	5	NULL	S_MNTRFXI1_5	
S_MNTRFXI1_5	SPR_FX12	32774	5	NULL	S_MNTRFXI1_6	
S_MNTRFXI1_6	SPR_FX12	32775	5	NULL	S_NULL	
S_MNTRFX2_1	SPR_FX13	0	2	A_MntrFloorFire	S_MNTRFX2_1	
S_MNTRFXI2_1	SPR_FX13	32776	4	A_Explode	S_MNTRFXI2_2	
S_MNTRFXI2_2	SPR_FX13	32777	4	NULL	S_MNTRFXI2_3	
S_MNTRFXI2_3	SPR_FX13	32778	4	NULL	S_MNTRFXI2_4	
S_MNTRFXI2_4	SPR_FX13	32779	4	NULL	S_MNTRFXI2_5	
S_MNTRFXI2_5	SPR_FX13	32780	4	NULL	S_NULL	
S_MNTRFX3_1	SPR_FX13	32771	4	NULL	S_MNTRFX3_2	
S_MNTRFX3_2	SPR_FX13	32770	4	NULL	S_MNTRFX3_3	
S_MNTRFX3_3	SPR_FX13	32769	5	NULL	S_MNTRFX3_4	
S_MNTRFX3_4	SPR_FX13	32770	5	NULL	S_MNTRFX3_5	
S_MNTRFX3_5	SPR_FX13	32771	5	NULL	S_MNTRFX3_6	
S_MNTRFX3_6	SPR_FX13	32772	5	NULL	S_MNTRFX3_7	
S_MNTRFX3_7	SPR_FX13	32773	4	NULL	S_MNTRFX3_8	
S_MNTRFX3_8	SPR_FX13	32774	4	NULL	S_MNTRFX3_9	
S_MNTRFX3_9	SPR_FX13	32775	4	NULL	S_NULL	
S_AKYY1	SPR_AKYY	32768	3	NULL	S_AKYY2	
S_AKYY2	SPR_AKYY	32769	3	NULL	S_AKYY3	
S_AKYY3	SPR_AKYY	32770	3	NULL	S_AKYY4	
S_AKYY4	SPR_AKYY	32771	3	NULL	S_AKYY5	
S_AKYY5	SPR_AKYY	32772	3	NULL	S_AKYY6	
S_AKYY6	SPR_AKYY	32773	3	NULL	S_AKYY7	
S_AKYY7	SPR_AKYY	32774	3	NULL	S_AKYY8	
S_AKYY8	SPR_AKYY	32775	3	NULL	S_AKYY9	
S_AKYY9	SPR_AKYY	32776	3	NULL	S_AKYY10	
S_AKYY10	SPR_AKYY	32777	3	NULL	S_AKYY1	
S_BKYY1	SPR_BKYY	32768	3	NULL	S_BKYY2	
S_BKYY2	SPR_BKYY	32769	3	NULL	S_BKYY3	
S_BKYY3	SPR_BKYY	32770	3	NULL	S_BKYY4	
S_BKYY4	SPR_BKYY	32771	3	NULL	S_BKYY5	
S_BKYY5	SPR_BKYY	32772	3	NULL	S_BKYY6	
S_BKYY6	SPR_BKYY	32773	3	NULL	S_BKYY7	
S_BKYY7	SPR_BKYY	32774	3	NULL	S_BKYY8	
S_BKYY8	SPR_BKYY	32775	3	NULL	S_BKYY9	
S_BKYY9	SPR_BKYY	32776	3	NULL	S_BKYY10	
S_BKYY10	SPR_BKYY	32777	3	NULL	S_BKYY1	
S_CKYY1	SPR_CKYY	32768	3	NULL	S_CKYY2	
S_CKYY2	SPR_CKYY	32769	3	NULL	S_CKYY3	
S_CKYY3	SPR_CKYY	32770	3	NULL	S_CKYY4	
S_CKYY4	SPR_CKYY	32771	3	NULL	S_CKYY5	
S_CKYY5	SPR_CKYY	32772	3	NULL	S_CKYY6	
S_CKYY6	SPR_CKYY	32773	3	NULL	S_CKYY7	
S_CKYY7	SPR_CKYY	32774	3	NULL	S_CKYY8	
S_CKYY8	SPR_CKYY	32775	3	NULL	S_CKYY9	
S_CKYY9	SPR_CKYY	32776	3	NULL	S_CKYY1	
S_AMG1	SPR_AMG1	0	-1	NULL	S_NULL	
S_AMG2_1	SPR_AMG2	0	4	NULL	S_AMG2_2	
S_AMG2_2	SPR_AMG2	1	4	NULL	S_AMG2_3	
S_AMG2_3	SPR_AMG2	2	4	NULL	S_AMG2_1	
S_AMM1	SPR_AMM1	0	-1	NULL	S_NULL	
S_AMM2	SPR_AMM2	0	-1	NULL	S_NULL	
S_AMC1	SPR_AMC1	0	-1	NULL	S_NULL	
S_AMC2_1	SPR_AMC2	0	5	NULL	S_AMC2_2	
S_AMC2_2	SPR_AMC2	1	5	NULL	S_AMC2_3	
S_AMC2_3	SPR_AMC2	2	5	NULL	S_AMC2_1	
S_AMS1_1	SPR_AMS1	0	5	NULL	S_AMS1_2	
S_AMS1_2	SPR_AMS1	1	5	NULL	S_AMS1_1	
S_AMS2_1	SPR_AMS2	0	5	NULL	S_AMS2_2	
S_AMS2_2	SPR_AMS2	1	5	NULL	S_AMS2_1	
S_AMP1_1	SPR_AMP1	0	4	NULL	S_AMP1_2	
S_AMP1_2	SPR_AMP1	1	4	NULL	S_AMP1_3	
S_AMP1_3	SPR_AMP1	2	4	NULL	S_AMP1_1	
S_AMP2_1	SPR_AMP2	0	4	NULL	S_AMP2_2	
S_AMP2_2	SPR_AMP2	1	4	NULL	S_AMP2_3	
S_AMP2_3	SPR_AMP2	2	4	NULL	S_AMP2_1	
S_AMB1_1	SPR_AMB1	0	4	NULL	S_AMB1_2	
S_AMB1_2	SPR_AMB1	1	4	NULL	S_AMB1_3	
S_AMB1_3	SPR_AMB1	2	4	NULL	S_AMB1_1	
S_AMB2_1	SPR_AMB2	0	4	NULL	S_AMB2_2	
S_AMB2_2	SPR_AMB2	1	4	NULL	S_AMB2_3	
S_AMB2_3	SPR_AMB2	2	4	NULL	S_AMB2_1	
S_SND_WIND	SPR_AMG1	0	100	A_ESound	S_SND_WIND	
S_SND_WATERFALL	SPR_AMG1	0	85	A_ESound	S_SND_WATERFALL	

